Auctiuon_key,Rent_class,Purpose_use,Occupied_part,Rent_date,Rent_deposit,Rent_monthly_price
1,move in,residence,201No.all,2007-09-14 00:00:00,53000000,250000
2,move in,residence,room3,2008-06-27 00:00:00,60000000,0
2,occupation,residence,202No.,1111-11-11 00:00:00,0,0
3,occupation,residence,201No.,1111-11-11 00:00:00,0,0
3,move in,residence,201No.,2007-01-08 00:00:00,0,0
4,move in,residence,205No.,2014-09-15 00:00:00,0,0
4,occupation,residence,nan,1111-11-11 00:00:00,0,0
4,occupation,residence,nan,1111-11-11 00:00:00,0,0
7,move in,residence,room1,2010-12-06 00:00:00,50000000,0
8,move in,residence,1101No.all,2006-04-16 00:00:00,205000000,0
9,move in,residence,all,2012-07-18 00:00:00,240000000,0
10,move in,,nan,2011-05-23 00:00:00,0,0
10,occupation,residence,nan,1111-11-11 00:00:00,0,0
10,move in,,nan,2011-04-29 00:00:00,0,0
10,move in,residence,all,2011-04-20 00:00:00,280000000,0
10,move in,residence,nan,2013-08-21 00:00:00,0,0
10,move in,,nan,2011-03-15 00:00:00,0,0
10,move in,residence,nan,2013-11-13 00:00:00,0,0
10,move in,,nan,2011-06-20 00:00:00,0,0
10,move in,,nan,2011-05-13 00:00:00,0,0
10,move in,,nan,2011-04-22 00:00:00,0,0
10,move in,residence,nan,2013-09-04 00:00:00,0,0
10,move in,,nan,2011-10-31 00:00:00,0,0
10,move in,,nan,2011-04-07 00:00:00,0,0
10,move in,,nan,2011-07-04 00:00:00,0,0
10,occupation,residence,nan,1111-11-11 00:00:00,30000000,1200000
10,occupation,residence,nan,1111-11-11 00:00:00,0,0
10,move in,,nan,2011-07-01 00:00:00,0,0
10,move in,,nan,2011-04-26 00:00:00,0,0
10,move in,,nan,2011-08-22 00:00:00,0,0
10,move in,,nan,2011-08-10 00:00:00,0,0
10,move in,residence,704No.,2011-08-10 00:00:00,0,0
10,occupation,residence,nan,1111-11-11 00:00:00,0,0
10,move in,residence,nan,2011-04-14 00:00:00,0,0
10,move in,residence,all,2011-04-14 00:00:00,350000000,0
10,move in,,nan,2011-05-12 00:00:00,0,0
10,move in,,nan,2011-08-31 00:00:00,0,0
10,move in,,nan,2011-05-17 00:00:00,0,0
11,move in,residence,room2,2007-02-09 00:00:00,120000000,0
12,move in,residence,nan,2007-11-28 00:00:00,0,0
15,move in,residence,nan,2011-06-30 00:00:00,0,0
15,move in,residence,2202No.,2011-06-30 00:00:00,650000000,0
16,move in,residence,nan,2003-12-13 00:00:00,0,0
18,move in,residence,nan,2002-12-24 00:00:00,0,0
18,move in,residence,nan,2011-10-31 00:00:00,0,0
20,move in,residence,nan,2005-09-06 00:00:00,0,0
21,move in,residence,nan,2014-02-06 00:00:00,650000000,0
23,move in,residence,all,2010-10-08 00:00:00,800000000,0
25,move in,residence,all,2014-11-06 00:00:00,200000000,0
27,occupation,residence,nan,1111-11-11 00:00:00,0,0
30,move in,residence,2605No.,2000-12-19 00:00:00,0,0
30,move in,residence,partroom1,2015-01-07 00:00:00,30000000,0
31,move in,residence,502No.,2014-04-25 00:00:00,0,0
31,move in,residence,502No.,2013-06-27 00:00:00,0,0
31,move in,residence,502No.,2012-04-06 00:00:00,0,0
33,move in,residence,nan,2014-08-27 00:00:00,0,0
35,move in,residence,allroom2,2009-09-01 00:00:00,20000000,650000
36,move in,residence,nan,2004-01-17 00:00:00,0,0
39,move in,residence,nan,2008-11-04 00:00:00,0,0
40,move in,residence,901No.,2007-06-19 00:00:00,190000000,0
41,occupation,office,801No.,1111-11-11 00:00:00,0,0
41,move in,,nan,2014-10-13 00:00:00,0,0
43,move in,residence,nan,2015-05-04 00:00:00,0,0
45,move in,residence,all,2013-01-04 00:00:00,0,0
46,move in,residence,all,2014-02-26 00:00:00,50000000,2400000
49,move in,residence,all,2013-05-21 00:00:00,0,0
51,move in,residence,all,2011-02-24 00:00:00,460000000,0
54,move in,residence,all,2012-11-26 00:00:00,220000000,0
55,move in,residence,nan,2006-03-02 00:00:00,600000000,0
56,move in,residence,partroom1,2014-12-12 00:00:00,90000000,0
56,move in,residence,partroom1,2014-05-21 00:00:00,90000000,0
57,move in,residence,nan,1997-04-08 00:00:00,0,0
58,move in,residence,all,2008-12-31 00:00:00,190000000,0
59,move in,residence,101building202No.,2001-08-21 00:00:00,0,0
59,move in,residence,nan,2013-11-14 00:00:00,200000000,0
62,move in,residence,all,2014-07-25 00:00:00,420000000,0
63,move in,residence,1406No.,2010-08-19 00:00:00,0,0
64,move in,residence,all,2011-07-04 00:00:00,250000000,0
65,move in,residence,1405No.all,2013-10-15 00:00:00,400000000,0
67,move in,residence,1floor101No.,2014-01-24 00:00:00,600000000,0
67,move in,residence,nan,1991-08-23 00:00:00,0,0
70,occupation,residence,102No.,1111-11-11 00:00:00,10000000,500000
70,move in,residence,102No.,2008-04-04 00:00:00,0,0
70,move in,residence,102No.,2015-08-20 00:00:00,10000000,500000
71,move in,residence,partroom1,2015-02-12 00:00:00,100000000,0
73,move in,residence,room3,2014-03-04 00:00:00,25000000,0
73,move in,residence,room2,2014-03-04 00:00:00,25000000,500000
76,move in,residence,304building204No.,2015-07-10 00:00:00,200000000,4000000
76,occupation,residence,all,1111-11-11 00:00:00,1400000000,0
81,move in,residence,13floor1305No.,2011-11-25 00:00:00,300000000,0
82,move in,residence,all,2015-07-28 00:00:00,2300000000,0
84,move in,residence,all,2014-07-30 00:00:00,500000000,0
88,move in,residence,205No.,2015-02-06 00:00:00,480000000,0
89,move in,residence,all,2015-04-07 00:00:00,600000000,0
90,move in,residence,1401No.,2012-02-03 00:00:00,0,0
90,move in,residence,2floorroom1(on status document:1401No.),2015-05-18 00:00:00,30000000,0
91,move in,residence,all,2006-12-19 00:00:00,145000000,0
93,move in,residence,all,2013-02-27 00:00:00,1400000000,0
95,move in,residence,part,2013-04-16 00:00:00,0,0
97,move in,residence,room1,2015-10-19 00:00:00,25000000,0
100,move in,residence,701No.,2014-11-14 00:00:00,500000000,0
101,move in,residence,all,2013-12-05 00:00:00,770000000,0
106,move in,residence,nan,2014-09-04 00:00:00,0,0
107,occupation,residence,nan,1111-11-11 00:00:00,320000000,0
110,move in,residence,5801No.,2015-07-17 00:00:00,0,0
110,move in,residence,"5801No.,5802No.",2015-07-17 00:00:00,3800000000,0
114,move in,residence,nan,2003-07-22 00:00:00,0,0
116,move in,residence,nan,2003-11-25 00:00:00,0,0
118,move in,residence,509No.,2009-03-17 00:00:00,180000000,0
118,move in,residence,nan,2015-10-06 00:00:00,0,0
119,move in,residence,107No.all,2011-07-15 00:00:00,390000000,0
119,move in,residence,nan,2011-07-22 00:00:00,0,0
120,move in,residence,nan,2015-01-23 00:00:00,0,0
122,move in,residence,all,2015-08-13 00:00:00,50000000,2300000
122,move in,residence,nan,2011-10-31 00:00:00,0,0
122,move in,residence,all,2015-08-13 00:00:00,50000000,2300000
126,move in,residence,nan,2015-05-07 00:00:00,0,0
128,move in,residence,all,2012-04-03 00:00:00,280000000,0
130,move in,residence,all,2008-05-09 00:00:00,280000000,0
131,move in,residence,nan,2006-04-03 00:00:00,300000000,0
131,move in,residence,room1,2013-01-16 00:00:00,60000000,0
136,move in,residence,3102No.all,2012-02-28 00:00:00,370000000,0
137,move in,residence,all,2015-02-12 00:00:00,750000000,0
138,move in,residence,nan,2008-10-02 00:00:00,0,0
139,move in,residence,203No.room3,2010-12-01 00:00:00,60000000,0
140,move in,residence,on ID102No.,2011-09-19 00:00:00,0,0
140,move in,residence,on ID102No.,2015-01-26 00:00:00,0,0
140,move in,residence,102No.all,2015-01-16 00:00:00,35000000,1800000
140,move in,residence,on ID102No.,2015-01-16 00:00:00,0,0
140,move in,residence,on ID102No.,2015-01-16 00:00:00,0,0
140,move in,residence,on ID102No.,2015-01-16 00:00:00,0,0
140,move in,residence,on ID102No.,2015-01-16 00:00:00,0,0
141,move in,residence,nan,2008-07-15 00:00:00,0,0
141,move in,residence,all,2008-07-15 00:00:00,160000000,0
142,move in,residence,nan,1997-09-19 00:00:00,0,0
144,move in,residence,402No.,2008-02-22 00:00:00,340000000,0
145,move in,residence,502No.,2012-08-27 00:00:00,500000000,0
147,move in,residence,all,2012-02-01 00:00:00,165000000,0
148,move in,,nan,2013-07-19 00:00:00,250000000,0
149,move in,residence,302No.,2015-06-10 00:00:00,0,0
150,move in,residence,nan,2001-12-29 00:00:00,0,0
150,move in,residence,room1,2011-07-11 00:00:00,50000000,0
151,move in,residence,all,2014-02-28 00:00:00,630000000,0
152,move in,residence,403No.all,2011-04-05 00:00:00,310000000,0
153,move in,residence,1203No.,2012-06-15 00:00:00,0,0
154,move in,residence,508No.,2013-08-30 00:00:00,100000000,0
160,move in,residence,room1,2015-12-21 00:00:00,35000000,0
160,move in,residence,room1,2015-12-21 00:00:00,40000000,0
161,move in,residence,nan,2015-04-20 00:00:00,0,0
161,move in,residence,1704No.all,2015-04-20 00:00:00,450000000,0
162,move in,residence,nan,2005-12-13 00:00:00,0,0
165,move in,residence,all,2012-12-07 00:00:00,0,0
165,move in,residence,room4,2012-12-07 00:00:00,380000000,0
166,move in,residence,nan,2015-10-26 00:00:00,0,0
169,move in,residence,all,2011-09-23 00:00:00,200000000,0
170,move in,residence,103No.,2014-04-29 00:00:00,40000000,0
171,move in,residence,room1,2015-12-18 00:00:00,40000000,200000
175,move in,residence,nan,2006-10-02 00:00:00,0,0
176,move in,residence,104No.,2015-11-03 00:00:00,0,0
176,move in,residence,104No.,2014-05-07 00:00:00,200000000,1000000
180,move in,residence,all,2014-02-19 00:00:00,390000000,0
181,move in,residence,nan,1996-07-23 00:00:00,0,0
182,move in,residence,nan,2011-05-20 00:00:00,0,0
182,move in,residence,nan,2015-05-21 00:00:00,0,0
190,move in,residence,301No.all,2015-04-30 00:00:00,50000000,2450000
192,move in,residence,nan,2015-04-03 00:00:00,0,0
192,move in,residence,all,2012-02-27 00:00:00,280000000,0
194,move in,residence,nan,2015-04-23 00:00:00,150000000,0
198,move in,residence,nan,2015-08-13 00:00:00,0,0
198,move in,residence,all,2015-08-13 00:00:00,100000000,3000000
201,move in,residence,nan,2001-12-15 00:00:00,0,0
202,move in,residence,nan,2014-05-01 00:00:00,0,0
203,move in,residence,nan,2003-03-31 00:00:00,0,0
204,move in,residence,301No.,2014-12-11 00:00:00,750000000,0
205,move in,residence,nan,2015-03-06 00:00:00,200000000,600000
206,move in,residence,all,2015-04-27 00:00:00,1600000000,0
211,move in,residence,nan,1994-05-25 00:00:00,200000000,0
212,move in,residence,302No.all,2014-07-31 00:00:00,50000000,0
213,move in,residence,nan,2008-03-06 00:00:00,0,0
214,move in,residence,nan,2009-03-10 00:00:00,0,0
220,move in,residence,601No.,2014-01-20 00:00:00,999000000,0
221,occupation,residence,nan,1111-11-11 00:00:00,0,0
222,move in,residence,nan,2016-05-30 00:00:00,0,0
224,move in,residence,602No.,2016-03-11 00:00:00,0,0
225,move in,residence,nan,2012-01-13 00:00:00,0,0
226,move in,residence,nan,2006-12-21 00:00:00,0,0
227,move in,residence,all,2014-07-14 00:00:00,400000000,0
234,move in,residence,nan,2011-10-19 00:00:00,0,0
235,occupation,residence,nan,1111-11-11 00:00:00,0,0
237,move in,residence,Abuilding2202No.,2012-06-28 00:00:00,0,0
240,move in,residence,nan,2013-11-20 00:00:00,300000000,0
240,move in,residence,nan,2016-07-26 00:00:00,0,0
241,move in,residence,room2,2016-01-07 00:00:00,25000000,0
242,move in,residence,nan,2006-11-29 00:00:00,0,0
243,move in,residence,all,2012-01-02 00:00:00,290000000,0
247,occupation,residence,302No.,1111-11-11 00:00:00,0,0
248,move in,residence,1503No.,2014-04-23 00:00:00,710000000,0
250,move in,residence,1403No.,2015-01-22 00:00:00,0,0
252,move in,residence,all,2011-11-21 00:00:00,190000000,0
254,move in,residence,all,2014-05-27 00:00:00,750000000,0
256,move in,residence,603No.part(room2unit),2010-05-18 00:00:00,0,0
260,move in,residence,allroom4,2014-02-04 00:00:00,500000000,0
263,move in,residence,nan,2013-04-23 00:00:00,0,0
267,move in,residence,nan,2009-07-28 00:00:00,0,0
269,move in,residence,nan,2012-11-23 00:00:00,0,0
270,move in,residence,nan,2016-09-22 00:00:00,0,0
270,move in,residence,nan,2016-09-05 00:00:00,0,0
270,move in,residence,nan,2013-08-05 00:00:00,0,0
270,move in,residence,nan,2016-09-22 00:00:00,0,0
271,move in,residence,all,2013-11-28 00:00:00,560000000,0
274,move in,residence,nan,2002-07-27 00:00:00,0,0
274,move in,residence,all,2002-07-27 00:00:00,100000000,0
275,move in,residence,all,2015-05-07 00:00:00,645000000,0
276,move in,residence,nan,2009-03-23 00:00:00,0,0
276,move in,residence,nan,2015-09-04 00:00:00,50000000,1400000
281,move in,residence,413No.,2016-06-07 00:00:00,180000000,0
283,move in,residence,1101No.,2011-12-23 00:00:00,0,0
283,move in,residence,1101No.,2011-12-23 00:00:00,275000000,0
284,move in,,nan,2013-06-10 00:00:00,600000000,0
286,move in,residence,nan,2013-02-19 00:00:00,0,0
286,move in,residence,all,2013-02-19 00:00:00,50000000,1850000
288,move in,residence,101No.,2003-08-14 00:00:00,0,0
289,move in,residence,all,2001-01-07 00:00:00,100000000,0
290,move in,residence,all,2012-08-22 00:00:00,400000000,0
292,move in,residence,nan,2015-01-30 00:00:00,0,0
292,move in,residence,nan,2012-04-20 00:00:00,0,0
293,move in,residence,all,2015-12-29 00:00:00,300000000,0
294,move in,residence,nan,2011-03-21 00:00:00,0,0
295,move in,residence,all,2015-10-04 00:00:00,50000000,1500000
296,move in,residence,all,2007-04-09 00:00:00,320000000,0
298,move in,residence,nan,2015-10-27 00:00:00,470000000,0
300,move in,residence,403No.,2015-01-28 00:00:00,850000000,0
302,move in,residence,nan,2013-02-01 00:00:00,0,0
303,move in,residence,all,2008-02-21 00:00:00,1350000000,0
303,move in,residence,nan,2006-05-08 00:00:00,0,0
303,move in,residence,nan,2016-06-16 00:00:00,0,0
305,move in,residence,402No.all,2007-01-03 00:00:00,100000000,0
309,move in,residence,all,2016-08-11 00:00:00,0,0
310,move in,residence,nan,2009-05-12 00:00:00,0,0
311,move in,residence,801No.,2014-03-19 00:00:00,500000000,0
312,move in,residence,all,2006-01-05 00:00:00,700000000,0
313,move in,residence,on ID102No.(midroom1),2016-06-13 00:00:00,100000000,0
313,move in,residence,on ID102No.,2013-09-04 00:00:00,0,0
316,move in,residence,all,2011-01-10 00:00:00,40000000,150000
318,move in,residence,nan,2016-01-18 00:00:00,0,0
319,move in,residence,all,2015-10-28 00:00:00,340000000,0
320,move in,residence,all,2015-11-26 00:00:00,780000000,0
323,move in,residence,nan,2011-07-01 00:00:00,0,0
324,move in,residence,nan,2008-06-11 00:00:00,0,0
328,move in,residence,nan,2012-01-30 00:00:00,0,0
328,move in,residence,nan,2005-02-25 00:00:00,0,0
333,move in,residence,all,2015-04-03 00:00:00,280000000,600000
334,move in,residence,808No.,2016-10-25 00:00:00,0,0
335,move in,residence,all,2009-12-31 00:00:00,135000000,0
336,move in,residence,room1,2013-08-09 00:00:00,50000000,0
336,move in,residence,nan,2013-08-08 00:00:00,0,0
337,move in,residence,all,2015-06-29 00:00:00,300000000,0
340,move in,residence,all,2008-02-27 00:00:00,50000000,0
341,move in,residence,nan,2015-04-09 00:00:00,0,0
344,move in,residence,nan,2009-10-21 00:00:00,0,0
344,move in,residence,nan,2010-09-24 00:00:00,0,0
346,move in,residence,all,2014-08-22 00:00:00,80000000,100000
347,move in,residence,all,2015-06-15 00:00:00,430000000,0
352,move in,residence,nan,2015-07-20 00:00:00,400000000,0
353,move in,residence,nan,2016-03-08 00:00:00,50000000,1900000
356,move in,residence,704No.,2015-02-09 00:00:00,0,0
359,move in,residence,nan,1997-04-16 00:00:00,0,0
360,move in,residence,room3,2013-03-20 00:00:00,520000000,0
361,move in,residence,nan,2010-02-01 00:00:00,0,0
361,move in,residence,all,2014-01-10 00:00:00,100000000,2400000
364,move in,residence,502No.,2015-06-30 00:00:00,0,0
364,move in,residence,502No.상floor6floor602No.,2015-04-08 00:00:00,350000000,0
364,move in,residence,502No.,2015-06-30 00:00:00,495000000,0
366,move in,residence,room3,2011-01-25 00:00:00,95000000,0
370,move in,residence,505No.room3,2015-02-23 00:00:00,527000000,0
371,move in,residence,nan,2013-03-05 00:00:00,0,0
374,move in,residence,nan,2015-02-25 00:00:00,0,0
374,move in,residence,all,2015-02-25 00:00:00,1300000000,0
379,occupation,residence,705No.,1111-11-11 00:00:00,0,0
379,move in,residence,all,2017-04-10 00:00:00,50000000,1400000
380,move in,residence,all,2014-05-12 00:00:00,820000000,0
381,move in,residence,all,2015-02-27 00:00:00,950000000,400000
384,move in,residence,nan,2003-03-12 00:00:00,0,0
391,move in,residence,nan,2010-02-18 00:00:00,0,0
392,move in,residence,all,2005-02-11 00:00:00,100000000,0
393,move in,residence,room2,2013-02-12 00:00:00,30000000,0
393,move in,residence,room1,2014-04-23 00:00:00,25000000,0
393,move in,residence,nan,2009-09-21 00:00:00,0,0
393,move in,residence,nan,1996-09-04 00:00:00,0,0
396,move in,residence,nan,2011-12-09 00:00:00,0,0
396,move in,residence,nan,2009-01-06 00:00:00,0,0
396,move in,residence,nan,2008-07-21 00:00:00,0,0
397,move in,residence,nan,2006-08-23 00:00:00,0,0
399,move in,residence,all,2011-10-21 00:00:00,40000000,0
400,move in,residence,nan,2002-01-09 00:00:00,0,0
402,move in,residence,102No.all,2002-08-02 00:00:00,0,0
403,move in,residence,all,2012-02-10 00:00:00,295000000,0
405,move in,residence,nan,1993-10-27 00:00:00,0,0
407,move in,residence,nan,2010-02-04 00:00:00,0,0
409,move in,residence,좌측room1,2014-08-06 00:00:00,60000000,0
409,move in,residence,nan,2014-08-05 00:00:00,0,0
410,move in,residence,107No.,2015-04-07 00:00:00,50000000,0
412,move in,residence,all,1992-10-14 00:00:00,85000000,0
415,move in,residence,part,2011-10-18 00:00:00,200000000,0
418,move in,residence,allroom1,2015-07-24 00:00:00,30000000,0
420,move in,residence,all,2013-06-05 00:00:00,230000000,0
423,move in,residence,all,2015-02-05 00:00:00,22000000,400000
425,move in,residence,room1,2014-12-31 00:00:00,70000000,0
426,move in,residence,nan,2009-09-24 00:00:00,0,0
430,move in,residence,all,2015-08-12 00:00:00,40000000,0
432,move in,residence,nan,2006-05-30 00:00:00,0,0
433,move in,residence,all,1994-10-13 00:00:00,100000000,0
433,move in,residence,all,2012-10-12 00:00:00,0,0
434,move in,residence,nan,2014-11-24 00:00:00,0,0
434,move in,residence,all,2016-03-16 00:00:00,100000000,0
435,occupation,residence,all,1111-11-11 00:00:00,0,0
436,move in,residence,all,2014-12-22 00:00:00,50000000,0
439,move in,residence,1003No.all,2009-09-23 00:00:00,320000000,0
440,move in,residence,all,2015-02-11 00:00:00,230000000,0
440,move in,residence,nan,2009-11-11 00:00:00,0,0
441,move in,residence,all,2013-02-28 00:00:00,230000000,0
443,move in,residence,all,2006-08-04 00:00:00,60000000,0
444,move in,residence,all,2013-03-11 00:00:00,320000000,0
445,move in,residence,room1,2012-05-18 00:00:00,70000000,0
445,move in,residence,nan,2012-08-22 00:00:00,0,0
445,move in,residence,nan,2015-06-09 00:00:00,0,0
446,move in,residence,all,2010-11-25 00:00:00,460000000,0
453,move in,residence,901No.room1,2015-05-14 00:00:00,200000000,0
454,move in,residence,nan,2007-05-28 00:00:00,0,0
455,move in,residence,all,2008-07-30 00:00:00,150000000,0
457,move in,residence,nan,2014-09-01 00:00:00,0,0
460,move in,residence,nan,2000-12-02 00:00:00,0,0
461,move in,residence,all,2011-01-10 00:00:00,250000000,0
462,move in,residence,nan,2001-11-17 00:00:00,0,0
465,move in,residence,nan,2015-09-08 00:00:00,0,0
467,move in,residence,nan,2015-03-24 00:00:00,0,0
468,move in,residence,401No.all,2015-07-24 00:00:00,0,0
468,move in,residence,nan,2014-02-11 00:00:00,0,0
474,move in,,nan,2012-03-07 00:00:00,25000000,0
476,move in,residence,nan,2004-10-18 00:00:00,0,0
477,move in,residence,nan,2001-05-02 00:00:00,0,0
478,move in,residence,room4,2012-08-17 00:00:00,230000000,0
483,move in,residence,all,2014-02-11 00:00:00,530000000,0
484,move in,residence,all,2013-04-16 00:00:00,220000000,0
485,move in,residence,all,2015-08-10 00:00:00,30000000,4000000
486,move in,residence,all,2013-08-13 00:00:00,170000000,0
488,move in,residence,all,2012-12-06 00:00:00,350000000,0
488,move in,residence,nan,2015-04-24 00:00:00,0,0
489,move in,residence,nan,2010-07-19 00:00:00,0,0
491,move in,residence,nan,2011-07-14 00:00:00,0,0
492,move in,residence,all,2005-11-03 00:00:00,0,0
493,move in,residence,all,2007-02-12 00:00:00,200000000,1000000
497,move in,residence,nan,2000-04-03 00:00:00,0,0
498,move in,residence,all,2002-11-20 00:00:00,0,0
500,move in,residence,room2,2015-06-12 00:00:00,350000000,0
500,move in,residence,room1,2015-08-31 00:00:00,0,0
501,move in,residence,all,2013-06-04 00:00:00,30000000,1000000
507,move in,residence,all,2012-07-10 00:00:00,300000000,0
507,move in,residence,all,2012-07-10 00:00:00,0,0
508,move in,residence,room1,2015-10-19 00:00:00,30000000,0
510,move in,residence,nan,2014-04-21 00:00:00,0,0
513,move in,residence,nan,2011-04-21 00:00:00,0,0
515,move in,residence,allroom4칸.of.room3,2013-10-07 00:00:00,500000000,0
518,move in,residence,all,2015-12-18 00:00:00,80000000,1000000
519,move in,residence,room1,2014-03-19 00:00:00,10000000,0
520,move in,residence,all,2014-12-11 00:00:00,320000000,0
521,move in,residence,nan,2016-01-21 00:00:00,0,0
521,move in,residence,902No.room4,2016-01-21 00:00:00,50000000,1700000
524,move in,residence,all,2011-01-12 00:00:00,270000000,0
528,move in,residence,all,2007-06-28 00:00:00,200000000,0
530,move in,residence,nan,2015-10-12 00:00:00,0,0
537,move in,residence,all,2014-10-07 00:00:00,400000000,0
538,move in,residence,nan,2004-05-27 00:00:00,0,0
539,move in,residence,nan,2008-06-12 00:00:00,0,0
541,occupation,,nan,1111-11-11 00:00:00,0,0
542,move in,residence,all,2007-02-02 00:00:00,290000000,0
543,occupation,residence,all,1111-11-11 00:00:00,20000000,900000
545,move in,residence,nan,2014-08-25 00:00:00,0,0
546,move in,residence,nan,2015-05-20 00:00:00,0,0
550,move in,residence,nan,2010-03-02 00:00:00,0,0
552,move in,residence,nan,2014-01-15 00:00:00,0,0
554,move in,residence,all,2007-06-28 00:00:00,820000000,0
555,move in,residence,all,1993-06-12 00:00:00,30000000,0
556,move in,residence,nan,2010-03-26 00:00:00,0,0
558,move in,residence,all,2015-01-19 00:00:00,260000000,0
560,move in,residence,all,2015-06-19 00:00:00,530000000,0
561,move in,residence,입구좌측큰room,2013-07-05 00:00:00,15000000,50000
563,move in,residence,nan,2006-12-11 00:00:00,0,0
563,move in,residence,all,2016-12-11 00:00:00,190000000,0
566,move in,residence,nan,2003-01-13 00:00:00,0,0
571,move in,residence,301No.(room2),2016-10-26 00:00:00,70000000,0
572,move in,residence,all,2011-07-19 00:00:00,290000000,260000
574,move in,residence,all,2015-08-13 00:00:00,330000000,0
575,move in,residence,nan,2014-02-19 00:00:00,0,0
575,move in,residence,all,2014-02-19 00:00:00,635000000,0
576,move in,residence,all,2013-05-03 00:00:00,180000000,0
576,move in,residence,nan,2013-05-03 00:00:00,0,0
576,move in,residence,nan,2016-11-03 00:00:00,0,0
577,move in,residence,all,2015-03-16 00:00:00,355000000,0
578,move in,residence,all,2015-12-10 00:00:00,540000000,0
579,move in,residence,all,2014-01-08 00:00:00,260000000,0
579,move in,residence,nan,2014-01-10 00:00:00,0,0
582,move in,residence,nan,2014-03-21 00:00:00,0,0
583,move in,residence,nan,2016-08-31 00:00:00,0,0
585,move in,residence,nan,2014-02-07 00:00:00,0,0
589,move in,residence,all,2001-03-06 00:00:00,150000000,0
591,move in,residence,room1,2012-07-24 00:00:00,35000000,0
595,move in,residence,nan,2012-04-12 00:00:00,0,0
595,move in,residence,all,2012-04-12 00:00:00,300000000,0
598,move in,residence,all,2008-07-08 00:00:00,360000000,0
600,move in,residence,nan,2011-10-24 00:00:00,0,0
601,move in,residence,nan,2015-08-11 00:00:00,0,0
602,move in,residence,nan,2016-09-08 00:00:00,0,0
603,move in,residence,allroom3,2015-03-02 00:00:00,280000000,0
606,move in,residence,all,2016-09-23 00:00:00,350000000,0
608,move in,residence,nan,1999-06-11 00:00:00,0,0
609,move in,residence,all,2014-04-03 00:00:00,410000000,0
612,move in,residence,all,2017-01-17 00:00:00,32000000,500000
612,move in,residence,nan,2016-10-07 00:00:00,0,0
613,move in,residence,all,2016-08-17 00:00:00,530000000,0
614,move in,residence,all,2016-05-02 00:00:00,307000000,0
615,move in,residence,all,2010-04-23 00:00:00,365000000,0
616,move in,residence,midroom1,2012-06-25 00:00:00,100000000,0
623,move in,residence,nan,2004-01-13 00:00:00,0,0
624,move in,residence,all,2016-05-31 00:00:00,0,0
627,move in,residence,all,2012-10-15 00:00:00,150000000,0
627,move in,residence,all,2012-10-15 00:00:00,150000000,0
628,move in,residence,all,2014-07-21 00:00:00,150000000,0
633,move in,residence,nan,2006-03-03 00:00:00,0,0
634,move in,residence,all,2014-03-04 00:00:00,240000000,200000
634,move in,residence,701No.,2014-03-04 00:00:00,240000000,200000
637,occupation,residence,nan,1111-11-11 00:00:00,0,0
637,occupation,residence,nan,1111-11-11 00:00:00,0,0
638,move in,residence,allroom3,2010-09-08 00:00:00,185000000,0
639,move in,residence,all,2013-07-05 00:00:00,50000000,500000
641,occupation,residence,all,1111-11-11 00:00:00,160000000,0
642,move in,residence,nan,2013-11-18 00:00:00,0,0
642,move in,residence,"room3
",2013-11-18 00:00:00,15000000,500000
645,move in,residence,all,2013-09-03 00:00:00,25000000,200000
649,move in,residence,room1,2014-06-11 00:00:00,30000000,0
650,move in,residence,1205No.,2013-03-14 00:00:00,0,0
650,move in,residence,1205No.all,2013-11-20 00:00:00,285000000,0
651,move in,residence,nan,2015-12-22 00:00:00,0,0
656,move in,residence,all(room3),2014-05-16 00:00:00,25000000,0
658,move in,residence,nan(on certified copy1206No.),2013-10-07 00:00:00,0,0
658,move in,residence,"nan(on certified copy1206No.,building거인)",2013-10-07 00:00:00,0,0
659,move in,residence,nan,2006-01-12 00:00:00,0,0
659,move in,residence,room2,2014-02-26 00:00:00,50000000,0
661,move in,residence,all,2014-11-03 00:00:00,40000000,4000000
662,move in,residence,room3,2011-04-27 00:00:00,0,0
662,move in,residence,nan,2014-11-10 00:00:00,0,0
665,move in,residence,nan,2013-11-15 00:00:00,0,0
666,move in,residence,202No.,2014-12-15 00:00:00,35000000,0
667,move in,residence,all,2012-03-05 00:00:00,190000000,0
668,move in,residence,room1,2014-07-22 00:00:00,34000000,0
668,move in,residence,101No.,2014-08-18 00:00:00,150000000,0
668,move in,residence,room1,2014-07-28 00:00:00,35000000,0
669,move in,residence,room1,2014-06-27 00:00:00,30000000,0
671,move in,residence,room2,2004-03-08 00:00:00,55000000,0
673,move in,residence,all,2015-07-23 00:00:00,30000000,1050000
674,move in,residence,nan,2014-12-05 00:00:00,0,0
675,move in,residence,602No.,2006-04-13 00:00:00,0,0
677,move in,residence,all,2013-10-18 00:00:00,110000000,0
679,move in,residence,402No.,2014-04-09 00:00:00,0,0
679,move in,residence,402No.all,2013-10-28 00:00:00,40000000,700000
680,move in,residence,801No.(room3),2015-02-02 00:00:00,200000000,0
681,move in,residence,allroom3,2014-12-30 00:00:00,360000000,0
683,occupation,shop,3009No.all,1111-11-11 00:00:00,10000000,800000
685,move in,residence,401No.,2006-06-12 00:00:00,0,0
687,move in,residence,102No.,2004-07-26 00:00:00,0,0
687,move in,residence,102-2No.,2010-09-30 00:00:00,55000000,0
687,move in,residence,102No.,2009-03-19 00:00:00,0,0
687,move in,residence,102-3No.room1,2011-04-12 00:00:00,55000000,0
687,move in,residence,102-4No.,2011-01-05 00:00:00,60000000,0
687,move in,residence,102-5No.,2011-03-04 00:00:00,55000000,0
688,move in,residence,505No.room3,2008-09-04 00:00:00,190000000,0
690,move in,residence,307No.,2014-08-07 00:00:00,0,0
691,move in,residence,308No.,2014-07-01 00:00:00,0,0
692,move in,residence,310No.(room3)all,2009-02-06 00:00:00,0,0
694,move in,residence,314No.,2014-10-27 00:00:00,0,0
694,move in,residence,314No.,2015-07-23 00:00:00,0,0
695,move in,residence,nan,2014-06-27 00:00:00,0,0
695,move in,residence,nan,2010-06-21 00:00:00,0,0
695,move in,residence,nan,2012-12-04 00:00:00,10000000,500000
696,move in,residence,405No.(room3)all,2009-11-02 00:00:00,0,0
697,move in,residence,407No.,2012-06-08 00:00:00,0,0
697,move in,residence,all,2012-06-08 00:00:00,30000000,780000
698,move in,residence,408No.,2011-12-29 00:00:00,0,0
699,move in,residence,410No.(room3)all,2009-11-03 00:00:00,0,0
702,move in,residence,504No.,2015-07-30 00:00:00,0,0
703,move in,residence,nan,2011-03-30 00:00:00,0,0
703,move in,residence,nan,2012-12-17 00:00:00,0,0
704,move in,residence,508No.,2014-04-10 00:00:00,0,0
705,move in,residence,nan,2010-12-09 00:00:00,0,0
706,move in,residence,510No.(room3)all,2014-12-22 00:00:00,0,0
707,move in,residence,nan,2011-12-30 00:00:00,0,0
708,move in,residence,513No.,2014-03-31 00:00:00,0,0
709,move in,residence,514No.(room3)all,2010-04-19 00:00:00,0,0
710,move in,residence,601No.(room3)all,2015-03-16 00:00:00,0,0
711,move in,residence,602No.(room3)all,2015-08-08 00:00:00,0,0
711,move in,residence,602No.,2014-08-06 00:00:00,0,0
712,move in,residence,nan,2015-05-06 00:00:00,0,0
713,move in,residence,nan,2013-11-22 00:00:00,0,0
713,move in,residence,nan,2013-05-21 00:00:00,0,0
714,move in,residence,613No.,2009-07-17 00:00:00,0,0
715,move in,residence,704No.,2014-06-10 00:00:00,0,0
716,move in,residence,705No.,2009-09-14 00:00:00,0,0
717,move in,residence,706No.,2012-09-11 00:00:00,0,0
718,move in,residence,708No.,2009-08-11 00:00:00,0,0
719,move in,residence,nan,2009-06-22 00:00:00,0,0
720,move in,residence,2702No.,2013-01-28 00:00:00,0,0
721,move in,residence,205No.,2015-03-30 00:00:00,0,0
722,move in,residence,room3,2009-04-07 00:00:00,210000000,0
724,move in,residence,702No.room4,2014-08-29 00:00:00,650000000,0
727,move in,residence,allroom3,2012-06-26 00:00:00,210000000,0
728,move in,residence,104No.(room4unit)all,2013-10-25 00:00:00,600000000,0
729,move in,residence,all,2013-10-15 00:00:00,150000000,0
730,move in,residence,all(room3),2013-02-25 00:00:00,310000000,0
735,move in,residence,809No.,2011-11-28 00:00:00,0,0
735,move in,residence,809No.room1,2014-05-10 00:00:00,20000000,0
736,move in,residence,1009No.,2007-12-06 00:00:00,0,0
736,move in,residence,1009No.room3,2015-09-08 00:00:00,22000000,300000
737,move in,residence,allroom3,2014-11-14 00:00:00,350000000,0
738,move in,residence,401No.,2004-02-17 00:00:00,70000000,0
740,move in,residence,1207No.,2014-10-28 00:00:00,0,0
740,move in,residence,1207No.,2014-11-05 00:00:00,0,0
741,move in,residence,room3,2012-06-18 00:00:00,100000000,0
742,move in,residence,room2,2014-09-18 00:00:00,90000000,0
743,move in,residence,1401No.,2015-10-28 00:00:00,60000000,0
744,move in,residence,"201-204,301-305,401-405,501-504No.",2015-10-19 00:00:00,0,0
744,move in,residence,"201-204,301-305,401-405,501-504No.",2015-01-06 00:00:00,0,0
744,move in,residence,"201-204,301-305,401-405,501-504No.",2015-06-12 00:00:00,0,0
744,move in,residence,205No.,2015-07-16 00:00:00,0,0
744,move in,residence,205No.,2015-07-16 00:00:00,0,0
745,move in,residence,602No.,2012-12-26 00:00:00,0,0
745,move in,residence,all,2012-12-26 00:00:00,1400000000,0
747,move in,residence,nan,2015-11-10 00:00:00,0,0
748,move in,residence,2building201No.,2012-01-25 00:00:00,0,0
748,move in,residence,201No.,2015-04-20 00:00:00,0,0
751,move in,residence,all,2009-10-09 00:00:00,115000000,0
753,occupation,residence,nan,1111-11-11 00:00:00,0,0
753,occupation,residence,nan,1111-11-11 00:00:00,0,0
753,occupation,residence,nan,1111-11-11 00:00:00,0,0
753,occupation,residence,nan,1111-11-11 00:00:00,0,0
756,move in,residence,101No.(room3)all,2004-05-06 00:00:00,0,0
757,move in,residence,all,2010-08-19 00:00:00,310000000,0
759,move in,residence,202No.,2012-05-29 00:00:00,0,0
759,move in,residence,room4,2012-05-29 00:00:00,280000000,0
760,move in,residence,allroom3,2014-09-02 00:00:00,50000000,300000
761,move in,residence,102No.room2,2014-05-23 00:00:00,200000000,0
763,occupation,residence,nan,1111-11-11 00:00:00,0,0
763,occupation,residence,nan,1111-11-11 00:00:00,0,0
764,move in,residence,401No.all,2014-08-01 00:00:00,320000000,0
767,move in,residence,202No.,2008-12-26 00:00:00,0,0
772,move in,residence,nan,2007-03-02 00:00:00,0,0
774,move in,residence,partroom1,2015-03-03 00:00:00,30000000,0
776,move in,residence,all,2010-12-02 00:00:00,200000000,2000000
777,move in,residence,all,2012-02-16 00:00:00,195000000,0
779,move in,residence,all,2015-03-26 00:00:00,700000000,0
781,move in,residence,주민등록표on certified copy403No.,2016-02-24 00:00:00,0,0
787,move in,residence,all,2007-07-16 00:00:00,270000000,0
788,move in,residence,all,2015-06-30 00:00:00,190000000,0
792,move in,residence,nan,2007-07-27 00:00:00,0,0
792,occupation,etc,all,1111-11-11 00:00:00,5000000,0
793,move in,residence,all,2012-11-30 00:00:00,50000000,500000
796,move in,residence,room3,2012-07-09 00:00:00,0,0
801,move in,residence,all,2013-11-04 00:00:00,135000000,0
803,move in,residence,all,2014-01-10 00:00:00,430000000,0
805,move in,residence,304No.all,2012-08-07 00:00:00,240000000,0
808,move in,residence,1502No.all,2011-03-14 00:00:00,200000000,0
809,move in,residence,room2,2016-06-10 00:00:00,210000000,0
810,move in,residence,room2,2015-09-10 00:00:00,190000000,0
812,move in,residence,nan,2011-12-15 00:00:00,0,0
812,move in,shop,nan,2012-07-31 00:00:00,10000000,800000
813,move in,residence,room3,2011-04-25 00:00:00,160000000,0
815,move in,residence,nan,2014-04-21 00:00:00,0,0
815,move in,residence,all,2014-04-21 00:00:00,200000000,0
817,move in,residence,room1,2015-07-15 00:00:00,20000000,0
818,occupation,residence,nan,1111-11-11 00:00:00,0,0
818,move in,residence,all,2012-08-06 00:00:00,20000000,400000
820,move in,residence,미정,2006-10-04 00:00:00,0,0
820,move in,residence,nan,2006-10-04 00:00:00,0,0
822,occupation,residence,all,1111-11-11 00:00:00,0,0
823,move in,residence,nan,2015-08-13 00:00:00,0,0
826,occupation,residence,all,1111-11-11 00:00:00,10000000,0
829,move in,residence,all,2013-08-30 00:00:00,140000000,0
830,move in,residence,nan,2016-03-21 00:00:00,0,0
830,move in,residence,all,2016-06-03 00:00:00,10000000,350000
832,move in,residence,all,2014-06-30 00:00:00,100000000,0
832,occupation,residence,nan,1111-11-11 00:00:00,0,0
833,move in,residence,all,2013-07-15 00:00:00,150000000,0
835,move in,residence,all(room4),2013-02-12 00:00:00,50000000,0
836,move in,residence,all,2014-05-09 00:00:00,360000000,0
836,move in,residence,all,2014-05-09 00:00:00,360000000,0
838,move in,residence,nan,2006-10-04 00:00:00,0,0
839,move in,residence,all,2014-02-28 00:00:00,210000000,0
841,move in,residence,nan,2016-06-08 00:00:00,0,0
843,move in,residence,nan,2014-04-29 00:00:00,0,0
844,move in,residence,all,2013-07-26 00:00:00,60000000,0
845,move in,residence,all,2014-12-18 00:00:00,90000000,0
846,move in,residence,all,2015-10-20 00:00:00,600000000,0
848,move in,residence,all,2013-11-25 00:00:00,200000000,0
849,move in,residence,2206No.,2014-03-13 00:00:00,0,0
850,move in,residence,room4,2009-06-05 00:00:00,180000000,0
851,move in,residence,nan,2016-05-24 00:00:00,0,0
851,move in,residence,nan,2015-05-12 00:00:00,0,0
851,move in,residence,nan,2015-11-27 00:00:00,0,0
853,move in,residence,nan,2016-12-30 00:00:00,0,0
854,move in,residence,601No.all,2011-10-26 00:00:00,180000000,0
855,move in,residence,all,2012-05-31 00:00:00,240000000,0
859,move in,residence,102building401No.,2010-10-29 00:00:00,0,0
863,move in,residence,all,2013-08-28 00:00:00,25000000,0
864,occupation,residence,all,1111-11-11 00:00:00,10000000,0
866,move in,residence,nan,2013-07-30 00:00:00,0,0
867,move in,residence,all,2015-02-10 00:00:00,650000000,0
868,move in,residence,all,2015-03-13 00:00:00,200000000,1000000
871,move in,residence,nan,2005-11-22 00:00:00,0,0
871,occupation,,301No.all,1111-11-11 00:00:00,0,0
872,move in,residence,all,2013-10-25 00:00:00,160000000,0
873,move in,residence,1103No.,2010-05-17 00:00:00,0,0
874,move in,residence,all,2010-01-13 00:00:00,220000000,0
879,move in,residence,nan,2016-01-20 00:00:00,0,0
879,move in,residence,all,2016-01-20 00:00:00,10000000,1150000
880,move in,residence,602No.,2015-08-27 00:00:00,0,0
881,move in,residence,allroom4,2014-02-14 00:00:00,300000000,0
882,move in,residence,all,2013-09-02 00:00:00,350000000,0
887,move in,residence,nan,2016-05-03 00:00:00,0,0
888,move in,residence,502No.,2017-04-05 00:00:00,80000000,0
888,move in,residence,502No.,2017-05-19 00:00:00,0,0
888,move in,residence,502No.,2016-08-01 00:00:00,60000000,0
890,move in,residence,nan,2003-06-10 00:00:00,0,0
891,move in,residence,all,2015-07-28 00:00:00,300000000,0
892,move in,residence,all,2017-02-20 00:00:00,60000000,650000
894,move in,residence,nan,2010-04-07 00:00:00,0,0
894,move in,residence,all,2010-04-07 00:00:00,250000000,0
896,move in,residence,nan,2013-02-19 00:00:00,0,0
899,occupation,,all,1111-11-11 00:00:00,10000000,0
901,move in,residence,nan,2017-03-07 00:00:00,0,0
902,move in,residence,501No.all,2016-06-15 00:00:00,5000000,500000
906,occupation,residence,nan,1111-11-11 00:00:00,0,0
908,move in,residence,nan,2010-04-15 00:00:00,0,0
909,move in,residence,nan,2011-09-21 00:00:00,0,0
910,move in,residence,nan,2000-02-16 00:00:00,0,0
917,move in,residence,nan,2014-05-12 00:00:00,0,0
919,move in,residence,all,2014-01-02 00:00:00,92000000,0
920,move in,residence,nan,2013-02-18 00:00:00,0,0
921,move in,residence,nan,2012-12-31 00:00:00,0,0
922,move in,residence,all,2013-08-21 00:00:00,50000000,0
923,move in,residence,nan,2013-08-14 00:00:00,0,0
924,move in,residence,605No.all,2014-03-03 00:00:00,100000000,0
925,move in,residence,803No.all,2008-01-17 00:00:00,0,0
929,move in,residence,all,2013-09-09 00:00:00,50000000,650000
931,move in,residence,1202No.all,2010-07-28 00:00:00,310000000,0
932,move in,residence,nan,2011-03-03 00:00:00,0,0
933,move in,residence,302No.all,2012-09-25 00:00:00,33000000,500000
939,move in,residence,nan,2008-06-09 00:00:00,0,0
945,move in,residence,nan,2015-04-27 00:00:00,0,0
946,move in,residence,all,2014-09-05 00:00:00,42000000,500000
948,move in,residence,610No.all,2013-09-25 00:00:00,130000000,0
954,move in,residence,all,2010-09-24 00:00:00,70000000,0
955,move in,residence,room1,2015-05-04 00:00:00,30000000,0
956,move in,residence,nan,2010-06-10 00:00:00,0,0
957,move in,residence,all,2006-08-02 00:00:00,150000000,0
960,move in,residence,all,2012-08-31 00:00:00,210000000,0
962,move in,residence,nan,2005-12-12 00:00:00,0,0
962,move in,residence,room1,2015-04-16 00:00:00,20000000,0
963,move in,residence,nan,2015-05-06 00:00:00,0,0
965,move in,residence,nan,2014-04-30 00:00:00,200000000,0
966,move in,residence,nan,1989-02-22 00:00:00,0,0
969,move in,residence,room1,2015-09-07 00:00:00,30000000,400000
969,move in,residence,room1,2015-09-08 00:00:00,30000000,500000
971,move in,residence,all,2013-09-13 00:00:00,250000000,0
972,move in,residence,all,2008-09-24 00:00:00,400000000,0
973,move in,residence,all,2015-07-17 00:00:00,190000000,0
974,move in,residence,nan,2012-04-23 00:00:00,0,0
974,move in,residence,all,2012-04-23 00:00:00,110000000,0
977,move in,residence,all,2015-08-06 00:00:00,28000000,1000000
979,move in,residence,all,2015-04-21 00:00:00,20000000,900000
981,move in,residence,all,2004-08-04 00:00:00,325000000,0
982,move in,residence,nan,2014-11-10 00:00:00,0,0
985,move in,residence,301No.all,2014-01-10 00:00:00,210000000,0
987,move in,residence,all,2013-07-24 00:00:00,355000000,0
989,move in,residence,all,2014-06-13 00:00:00,200000000,0
990,move in,residence,nan,2013-07-01 00:00:00,0,0
990,occupation,residence,nan,1111-11-11 00:00:00,0,0
991,move in,residence,all,2013-06-27 00:00:00,250000000,0
992,move in,residence,all,2015-01-30 00:00:00,300000000,1000000
993,move in,residence,nan,2014-12-08 00:00:00,0,0
995,move in,residence,all,2013-07-03 00:00:00,110000000,0
997,move in,residence,all,2014-12-30 00:00:00,190000000,0
999,move in,residence,nan,2009-03-31 00:00:00,0,0
1001,move in,residence,all,2012-11-30 00:00:00,275000000,0
1003,move in,residence,all,2014-07-25 00:00:00,90000000,0
1005,move in,residence,all,2010-09-17 00:00:00,230000000,0
1006,move in,residence,all,2012-11-15 00:00:00,170000000,0
1008,move in,residence,501No.all,2014-09-15 00:00:00,230000000,0
1010,move in,residence,102No.,2015-12-24 00:00:00,30000000,0
1010,move in,residence,102No.all,2010-02-16 00:00:00,200000000,0
1011,occupation,residence,part,1111-11-11 00:00:00,0,0
1012,move in,residence,all,2014-11-11 00:00:00,50000000,1650000
1012,move in,residence,202No.all,2014-11-11 00:00:00,50000000,1650000
1014,move in,residence,partroom2,2015-04-17 00:00:00,30000000,300000
1015,move in,residence,nan,2001-10-11 00:00:00,0,0
1016,move in,residence,all,2008-06-18 00:00:00,30000000,1000000
1016,move in,residence,304No.all,2008-06-18 00:00:00,30000000,1000000
1018,move in,residence,nan,2011-07-18 00:00:00,0,0
1021,move in,residence,room4,2015-01-29 00:00:00,750000000,0
1023,move in,residence,nan,2015-07-15 00:00:00,0,0
1026,move in,residence,allroom1,1994-01-03 00:00:00,55000000,0
1028,move in,residence,all,1989-02-23 00:00:00,70000000,0
1029,move in,residence,all,2008-04-23 00:00:00,50000000,0
1030,move in,residence,all,2009-08-21 00:00:00,80000000,0
1033,move in,residence,all,2011-05-03 00:00:00,30000000,1000000
1036,move in,residence,601No.all,2010-05-10 00:00:00,90000000,0
1040,move in,residence,all,2013-02-26 00:00:00,5000000,800000
1040,move in,residence,501No.all,2013-02-26 00:00:00,5000000,750000
1046,move in,residence,room1,2015-12-23 00:00:00,40000000,0
1048,occupation,residence,room1,1111-11-11 00:00:00,50000000,0
1049,move in,residence,nan,2016-02-29 00:00:00,0,0
1049,move in,residence,nan,2012-06-28 00:00:00,0,0
1050,move in,residence,all,2016-02-04 00:00:00,50000000,0
1051,move in,residence,all,2014-07-23 00:00:00,60000000,0
1055,move in,residence,all,2010-07-20 00:00:00,30000000,400000
1055,occupation,residence,all,1111-11-11 00:00:00,10000000,0
1057,move in,residence,nan,1999-08-17 00:00:00,0,0
1060,move in,residence,nan,2016-04-12 00:00:00,0,0
1062,move in,residence,nan,2006-03-20 00:00:00,0,0
1065,move in,residence,all,2013-10-11 00:00:00,330000000,0
1065,move in,residence,all,2013-10-11 00:00:00,330000000,0
1069,move in,residence,all,2014-06-30 00:00:00,320000000,0
1069,move in,residence,all,2014-06-30 00:00:00,320000000,0
1071,move in,residence,nan,2010-06-30 00:00:00,0,0
1072,move in,residence,all,2016-01-08 00:00:00,340000000,0
1073,move in,residence,704No.room1,2016-06-03 00:00:00,38000000,0
1074,occupation,residence,nan,1111-11-11 00:00:00,0,0
1075,move in,residence,all,2015-04-23 00:00:00,400000000,0
1076,move in,residence,nan,2015-08-10 00:00:00,0,0
1079,move in,residence,nan,2015-09-30 00:00:00,0,0
1082,move in,residence,nan,2014-05-27 00:00:00,0,0
1084,move in,residence,all,2015-09-18 00:00:00,130000000,0
1085,move in,residence,all,2015-04-23 00:00:00,190000000,0
1086,move in,residence,all,2015-05-04 00:00:00,270000000,0
1088,move in,residence,all,2015-04-13 00:00:00,32000000,0
1089,move in,residence,nan,2015-10-07 00:00:00,0,0
1091,move in,residence,room3,2016-03-31 00:00:00,35000000,0
1093,move in,residence,all,2006-03-09 00:00:00,105000000,550000
1093,move in,residence,all,2006-03-09 00:00:00,105000000,0
1094,move in,residence,nan,2013-05-30 00:00:00,0,0
1094,move in,residence,nan,2012-08-27 00:00:00,0,0
1094,move in,residence,all,2012-08-27 00:00:00,30000000,1000000
1095,move in,residence,room1,2016-05-23 00:00:00,30000000,200000
1095,move in,residence,nan,1994-05-12 00:00:00,0,0
1097,move in,residence,nan,2015-05-08 00:00:00,60000000,0
1097,move in,residence,all,2015-05-08 00:00:00,60000000,0
1099,move in,residence,room3,2013-08-12 00:00:00,150000000,0
1100,move in,residence,nan,2012-04-24 00:00:00,0,0
1101,move in,residence,all,2012-03-02 00:00:00,200000000,0
1102,move in,residence,all,2016-07-29 00:00:00,250000000,0
1106,move in,residence,all,2013-03-04 00:00:00,250000000,0
1107,move in,residence,all,2006-10-26 00:00:00,140000000,0
1108,move in,residence,all,2016-02-05 00:00:00,10000000,550000
1111,move in,residence,all,2008-07-28 00:00:00,0,0
1113,move in,residence,B102No.all,2014-07-01 00:00:00,20000000,250000
1114,move in,residence,203No.,2012-12-07 00:00:00,10000000,400000
1115,move in,residence,204No.all,2012-06-14 00:00:00,60000000,0
1116,move in,residence,302No.,2013-11-15 00:00:00,50000000,0
1117,move in,residence,404No.all,2012-11-05 00:00:00,30000000,230000
1118,move in,residence,703No.,2015-09-07 00:00:00,65000000,0
1119,move in,residence,704No.,2014-02-17 00:00:00,60000000,0
1120,occupation,residence,801No.all,1111-11-11 00:00:00,55000000,0
1121,move in,residence,803No.all,2014-01-29 00:00:00,55000000,0
1123,move in,residence,nan,2016-09-06 00:00:00,35000000,0
1124,move in,residence,all,2015-08-03 00:00:00,35000000,0
1127,move in,residence,part(room1),2016-04-01 00:00:00,20000000,0
1127,move in,residence,nan,2016-07-18 00:00:00,0,0
1127,move in,residence,part(room2),2016-04-01 00:00:00,30000000,0
1128,move in,residence,nan,2001-07-23 00:00:00,0,0
1128,move in,residence,all,2001-07-23 00:00:00,180000000,0
1131,move in,residence,all,2013-10-15 00:00:00,100000000,0
1134,move in,residence,nan,2002-10-04 00:00:00,0,0
1136,move in,residence,all,2015-09-24 00:00:00,340000000,0
1137,move in,residence,nan,2013-08-16 00:00:00,0,0
1137,move in,residence,all(room3),2013-08-16 00:00:00,300000000,0
1142,move in,residence,all,2012-06-18 00:00:00,70000000,0
1143,move in,residence,nan,2016-02-05 00:00:00,0,0
1143,move in,residence,nan,2016-09-23 00:00:00,0,0
1147,move in,residence,nan,1994-10-06 00:00:00,0,0
1148,move in,residence,all,2013-06-28 00:00:00,50000000,0
1149,move in,residence,all,2014-11-24 00:00:00,60000000,0
1150,move in,residence,all,2015-06-08 00:00:00,50000000,0
1151,move in,residence,nan,2005-04-27 00:00:00,0,0
1152,move in,residence,all,2016-09-13 00:00:00,35000000,350000
1153,occupation,residence,all,1111-11-11 00:00:00,0,0
1157,move in,residence,nan,2005-04-08 00:00:00,0,0
1159,move in,residence,nan,2014-06-16 00:00:00,0,0
1159,move in,residence,all,2014-06-16 00:00:00,80000000,0
1160,move in,residence,all,2014-02-26 00:00:00,150000000,0
1161,move in,residence,nan,2015-04-14 00:00:00,0,0
1161,move in,residence,all,2016-02-22 00:00:00,30000000,600000
1164,move in,residence,nan,2004-03-25 00:00:00,0,0
1168,move in,residence,all,2015-05-20 00:00:00,65000000,500000
1173,move in,residence,201No.all,2014-12-12 00:00:00,160000000,0
1174,move in,residence,all,2015-05-29 00:00:00,360000000,0
1178,move in,residence,202No.,2003-03-08 00:00:00,85000000,0
1179,move in,residence,nan,2006-02-03 00:00:00,0,0
1183,move in,residence,nan,2013-07-05 00:00:00,15000000,0
1184,move in,residence,nan,2013-07-12 00:00:00,0,0
1188,move in,residence,nan,2002-09-04 00:00:00,0,0
1188,move in,residence,nan,2015-09-02 00:00:00,0,0
1190,move in,residence,allroom3,2012-07-23 00:00:00,150000000,0
1192,move in,residence,all,2014-11-17 00:00:00,350000000,0
1194,move in,residence,nan,2005-01-29 00:00:00,0,0
1195,move in,residence,all,2002-08-30 00:00:00,0,0
1198,move in,residence,all,2012-04-30 00:00:00,170000000,0
1204,move in,residence,nan,2004-08-06 00:00:00,0,0
1210,move in,residence,all,2015-06-08 00:00:00,150000000,0
1211,move in,residence,nan,2009-09-30 00:00:00,0,0
1212,move in,residence,nan,2005-08-24 00:00:00,0,0
1212,move in,residence,nan,2011-02-01 00:00:00,0,0
1213,move in,residence,nan,2016-10-18 00:00:00,0,0
1213,move in,residence,all,2016-10-18 00:00:00,520000000,0
1214,move in,residence,all,2005-09-01 00:00:00,160000000,0
1214,move in,residence,nan,2013-10-04 00:00:00,0,0
1217,move in,residence,all,2017-03-10 00:00:00,150000000,0
1218,move in,residence,all,2011-07-20 00:00:00,0,0
1220,move in,residence,all,2016-10-28 00:00:00,178000000,0
1220,move in,residence,all,2016-10-28 00:00:00,178000000,0
1222,move in,residence,all,2010-05-28 00:00:00,175000000,0
1225,move in,residence,nan,2017-03-22 00:00:00,0,0
1227,move in,residence,nan,2014-01-21 00:00:00,0,0
1228,move in,residence,all,2016-12-13 00:00:00,50000000,400000
1230,move in,residence,all,2015-03-06 00:00:00,125000000,0
1231,move in,residence,nan,2015-07-30 00:00:00,0,0
1231,move in,residence,all,2015-07-30 00:00:00,400000000,0
1232,move in,residence,all,2016-02-29 00:00:00,20000000,400000
1235,move in,residence,nan,2008-08-21 00:00:00,0,0
1236,move in,residence,room2,2014-07-02 00:00:00,66000000,0
1238,move in,residence,nan,2016-06-16 00:00:00,0,0
1239,move in,residence,303No.all,2015-04-21 00:00:00,60000000,250000
1240,move in,residence,room1,2015-11-04 00:00:00,5000000,150000
1242,move in,residence,all,2014-06-27 00:00:00,115000000,0
1243,move in,residence,nan,2012-10-26 00:00:00,0,0
1247,move in,residence,room2,2015-03-04 00:00:00,50000000,0
1248,occupation,residence,all,1111-11-11 00:00:00,450000000,0
1249,move in,residence,nan,2014-04-21 00:00:00,190000000,0
1251,move in,residence,nan,2015-02-25 00:00:00,0,0
1254,move in,residence,nan,2013-02-18 00:00:00,0,0
1260,move in,residence,all,2008-09-29 00:00:00,50000000,0
1260,move in,residence,all,2008-07-14 00:00:00,50000000,0
1261,move in,residence,all,2010-05-14 00:00:00,100000000,0
1263,move in,residence,nan,2011-05-03 00:00:00,0,0
1264,move in,residence,all,2015-12-21 00:00:00,480000000,0
1266,move in,residence,all,2013-03-11 00:00:00,360000000,0
1267,move in,residence,nan,2009-03-27 00:00:00,0,0
1268,move in,residence,nan,2016-10-11 00:00:00,0,0
1270,move in,residence,all,2011-09-30 00:00:00,100000000,0
1271,move in,residence,nan,2016-04-05 00:00:00,0,0
1271,move in,residence,all,2016-04-05 00:00:00,230000000,0
1277,move in,residence,all,2015-11-19 00:00:00,180000000,0
1279,move in,residence,room3,2010-04-07 00:00:00,40000000,800000
1281,move in,residence,room1,2013-02-28 00:00:00,30000000,0
1281,move in,being unknown,nan,2013-02-28 00:00:00,0,0
1286,move in,,nan,2006-12-12 00:00:00,0,0
1287,move in,residence,all(room3칸),2002-12-04 00:00:00,125000000,0
1291,move in,residence,allroom4,2011-12-23 00:00:00,180000000,0
1295,move in,,2303No.,2010-05-03 00:00:00,0,0
1295,move in,,2303No.,2005-07-28 00:00:00,0,0
1295,move in,residence,room4,2003-11-14 00:00:00,160000000,0
1298,move in,,905No.,2014-11-11 00:00:00,0,0
1299,move in,residence,701No.,2008-06-02 00:00:00,0,0
1300,move in,residence,all,2012-11-12 00:00:00,140000000,0
1300,move in,residence,room2,2012-11-12 00:00:00,140000000,0
1304,move in,,202No.,2005-10-31 00:00:00,0,0
1304,move in,,202No.,2012-06-28 00:00:00,0,0
1310,move in,,707No.,2013-10-16 00:00:00,0,0
1310,move in,,room3,2013-10-16 00:00:00,30000000,200000
1311,move in,residence,203No.room3,2014-05-01 00:00:00,190000000,0
1315,move in,residence,room3,2014-03-27 00:00:00,70000000,0
1318,move in,residence,room1,2010-04-13 00:00:00,100000000,0
1322,move in,residence,allroom3,2013-10-02 00:00:00,28000000,0
1323,move in,,partroom1,2013-10-02 00:00:00,3000000,300000
1326,move in,residence,room4,2011-03-29 00:00:00,220000000,0
1327,move in,,room2,2015-04-30 00:00:00,30000000,300000
1327,move in,,room1,2015-06-02 00:00:00,25000000,100000
1329,move in,,1109No.,1997-10-15 00:00:00,0,0
1333,move in,,room3,2011-03-31 00:00:00,130000000,0
1336,move in,,102-501No.,2015-02-03 00:00:00,0,0
1338,move in,residence,all,2010-07-28 00:00:00,60000000,0
1338,move in,,10building101No.,2008-10-02 00:00:00,0,0
1338,move in,residence,room2,2010-07-28 00:00:00,60000000,0
1339,move in,,1401No.,2014-10-23 00:00:00,0,0
1339,move in,residence,1401No.,2014-10-23 00:00:00,300000000,0
1342,move in,residence,all,2008-06-13 00:00:00,290000000,0
1343,move in,residence,allroom3,2011-08-17 00:00:00,155000000,0
1345,move in,,room3,2014-06-02 00:00:00,32000000,500000
1346,move in,residence,2002No.all,2012-12-26 00:00:00,209000000,0
1348,occupation,,all,1111-11-11 00:00:00,10000000,0
1350,move in,residence,allroom4,2014-05-07 00:00:00,380000000,0
1353,move in,residence,allroom3,2015-07-23 00:00:00,20000000,600000
1355,move in,residence,all,2009-07-27 00:00:00,300000000,0
1355,move in,residence,room4,2009-07-27 00:00:00,300000000,0
1359,move in,,nan,2010-11-01 00:00:00,0,0
1365,move in,residence,room2,2014-05-08 00:00:00,10000000,0
1365,move in,being unknown,nan,2012-08-14 00:00:00,0,0
1366,move in,residence,1502No.room4,2009-05-04 00:00:00,320000000,0
1368,move in,,room2,2011-01-24 00:00:00,38000000,0
1373,move in,residence,room2,2013-08-30 00:00:00,50000000,500000
1374,move in,,nan,2010-01-21 00:00:00,0,0
1375,move in,,401No.,2015-08-20 00:00:00,0,0
1375,move in,,room3,2015-08-20 00:00:00,50000000,500000
1377,move in,residence,all,2015-07-27 00:00:00,350000000,0
1378,move in,residence,allroom3,2015-07-27 00:00:00,10000000,50000
1378,move in,,103No.,2004-12-06 00:00:00,0,0
1379,occupation,residence,all,1111-11-11 00:00:00,20000000,0
1381,move in,residence,allroom3,2013-10-18 00:00:00,220000000,0
1381,move in,,401No.,2006-11-08 00:00:00,0,0
1382,move in,,404No.,2014-05-20 00:00:00,0,0
1383,occupation,residence,all,1111-11-11 00:00:00,20000000,0
1384,move in,,nan,2012-05-01 00:00:00,0,0
1384,move in,,room1,2015-03-23 00:00:00,35000000,300000
1386,move in,residence,room2,2010-07-12 00:00:00,72000000,0
1389,move in,,1207No.,2012-02-22 00:00:00,0,0
1391,move in,residence,all,2013-11-08 00:00:00,150000000,0
1392,move in,residence,room2,2013-10-10 00:00:00,130000000,0
1397,move in,,301No.,2015-01-21 00:00:00,0,0
1397,move in,,301No.,2010-06-29 00:00:00,0,0
1398,move in,residence,all,1999-01-06 00:00:00,80000000,0
1399,move in,,1302No.,1999-04-10 00:00:00,0,0
1400,move in,,room2,2007-03-22 00:00:00,140000000,0
1402,move in,,1201No.,2014-12-10 00:00:00,0,0
1406,move in,residence,all,2013-12-12 00:00:00,110000000,500000
1409,move in,,302No.,2010-04-19 00:00:00,0,0
1411,occupation,residence,104No.all,1111-11-11 00:00:00,20000000,0
1412,move in,residence,room4,2012-11-05 00:00:00,340000000,0
1413,move in,residence,allroom3,2005-05-02 00:00:00,160000000,0
1414,move in,,nan,2009-03-13 00:00:00,0,0
1415,move in,Daycare Center,allroom2,2009-09-28 00:00:00,25000000,550000
1416,move in,,207No.,2010-05-12 00:00:00,0,0
1418,move in,residence,allroom2,2013-09-09 00:00:00,190000000,0
1419,move in,,914No.,2014-02-21 00:00:00,0,0
1419,move in,,914No.,2014-03-14 00:00:00,0,0
1420,move in,,101No.,2007-10-24 00:00:00,0,0
1421,move in,residence,allroom3,2014-06-05 00:00:00,98000000,0
1421,move in,residence,allroom3,2014-06-05 00:00:00,42000000,0
1423,move in,residence,part(8floorroom1),2016-01-14 00:00:00,107000000,0
1424,move in,being unknown,103building204No.,2013-08-01 00:00:00,0,0
1426,move in,,502No.,2004-03-26 00:00:00,0,0
1426,move in,,502No.,2015-05-14 00:00:00,0,0
1433,move in,residence,702No.all,2012-06-22 00:00:00,205000000,0
1433,move in,residence,allroom4,2012-06-22 00:00:00,205000000,0
1436,move in,residence,allroom3,2014-04-11 00:00:00,220000000,0
1439,move in,residence,all,2011-08-22 00:00:00,0,0
1441,move in,residence,room3,2009-06-29 00:00:00,185000000,0
1443,move in,residence,nan,2014-02-10 00:00:00,0,0
1443,move in,residence,room3,2014-02-10 00:00:00,70000000,800000
1445,move in,residence,room2,2015-11-30 00:00:00,10000000,0
1446,move in,residence,allroom3,2014-04-04 00:00:00,250000000,0
1447,move in,,all,2012-03-23 00:00:00,0,0
1447,move in,,all,2013-05-20 00:00:00,0,0
1447,move in,residence,room3,2013-05-20 00:00:00,150000000,0
1449,move in,being unknown,406building204No.,2003-09-15 00:00:00,0,0
1450,move in,,all,2007-10-10 00:00:00,0,0
1450,move in,,1floorroom1,2012-03-19 00:00:00,10000000,0
1450,move in,,room2,2016-03-21 00:00:00,5000000,300000
1451,move in,,nan,2016-03-18 00:00:00,20000000,0
1455,move in,residence,all,2016-03-11 00:00:00,50000000,500000
1457,move in,residence,all,2009-08-20 00:00:00,320000000,0
1458,move in,residence,room3,2015-06-04 00:00:00,430000000,0
1460,move in,residence,room3,2015-03-30 00:00:00,400000000,0
1462,move in,,"allroom3,part15floor",2014-11-03 00:00:00,250000000,0
1463,move in,residence,allroom2,2015-11-02 00:00:00,15000000,550000
1464,move in,,1207No.,2008-01-17 00:00:00,0,0
1464,occupation,residence,all,1111-11-11 00:00:00,10000000,0
1464,occupation,,room2,1111-11-11 00:00:00,90000000,0
1465,move in,residence,all,2015-03-26 00:00:00,280000000,0
1465,move in,residence,room3,2015-03-26 00:00:00,280000000,0
1468,move in,,all,2007-01-03 00:00:00,0,0
1469,move in,residence,allroom3,2008-10-22 00:00:00,100000000,0
1470,move in,,703No.,2012-11-21 00:00:00,0,0
1470,move in,,703No.,2015-08-12 00:00:00,0,0
1470,move in,,703No.,2013-11-11 00:00:00,0,0
1473,move in,residence,304No.all,2009-01-19 00:00:00,115000000,0
1476,move in,residence,801No.room1,2015-05-26 00:00:00,15000000,100000
1479,move in,residence,room1,2016-03-21 00:00:00,30000000,330000
1480,move in,residence,904No.room2,2011-07-08 00:00:00,130000000,0
1481,move in,residence,room2,2015-02-25 00:00:00,10000000,550000
1482,move in,residence,room2,2015-06-08 00:00:00,10000000,680000
1490,move in,residence,all,2011-05-19 00:00:00,250000000,0
1492,move in,residence,allroom3,2013-03-08 00:00:00,300000000,0
1496,move in,residence,allroom3,2014-02-17 00:00:00,260000000,0
1497,move in,,1301No.,2007-05-30 00:00:00,0,0
1497,move in,residence,room3,2007-05-30 00:00:00,25000000,300000
1498,move in,residence,allroom2,2013-07-16 00:00:00,40000000,0
1501,move in,residence,allroom3,2016-02-29 00:00:00,40000000,500000
1503,move in,residence,room3,2010-07-01 00:00:00,180000000,0
1505,move in,,404No.,2013-05-30 00:00:00,0,0
1505,move in,residence,room2,2013-05-30 00:00:00,10000000,500000
1507,move in,residence,allroom3,2013-02-27 00:00:00,85000000,0
1509,move in,residence,nan,2009-05-14 00:00:00,0,0
1510,move in,residence,1building701No.,2006-06-05 00:00:00,0,0
1510,move in,residence,1building701No.,2002-08-30 00:00:00,0,0
1511,move in,,room3,2015-03-23 00:00:00,80000000,0
1512,move in,residence,all,2006-01-06 00:00:00,90000000,0
1512,move in,residence,all,2007-05-02 00:00:00,58785714,100000
1515,move in,residence,all(room3),2011-01-10 00:00:00,140000000,0
1519,move in,,801No.,2005-07-04 00:00:00,0,0
1521,move in,residence,room1,2006-05-22 00:00:00,20000000,0
1523,move in,,402No.,2003-11-22 00:00:00,0,0
1523,move in,residence,room3,2003-11-22 00:00:00,100000000,0
1526,move in,,nan,2011-10-19 00:00:00,0,0
1531,move in,residence,room3,2013-11-12 00:00:00,240000000,0
1536,move in,residence,part(room1),2015-04-09 00:00:00,60000000,0
1537,move in,residence,allroom2,2016-07-05 00:00:00,150000000,0
1538,move in,being unknown,all,2013-07-01 00:00:00,0,0
1539,move in,,401No.,2002-10-08 00:00:00,0,0
1540,move in,,504No.,2016-08-24 00:00:00,0,0
1542,move in,residence,allroom4,2012-10-30 00:00:00,20000000,1000000
1542,move in,,203No.,2008-09-12 00:00:00,0,0
1544,move in,,201No.,2002-11-04 00:00:00,0,0
1547,move in,,102No.,2015-11-18 00:00:00,0,0
1547,move in,residence,room4,2015-11-18 00:00:00,25000000,900000
1549,move in,residence,allroom3,2011-04-12 00:00:00,130000000,0
1553,move in,being unknown,nan,2016-01-11 00:00:00,0,0
1553,move in,being unknown,room2,2016-01-11 00:00:00,60000000,0
1554,move in,,all,2014-10-10 00:00:00,0,0
1561,move in,residence,room1,2002-01-23 00:00:00,60000000,0
1564,move in,residence,room3,2015-07-17 00:00:00,270000000,0
1565,move in,residence,room4,2014-05-08 00:00:00,100000000,1000000
1566,move in,residence,room1,2015-11-13 00:00:00,35000000,0
1566,move in,,nan,2009-03-17 00:00:00,0,0
1569,move in,residence,room5,2013-11-15 00:00:00,500000000,0
1569,move in,,1401No.,2013-01-22 00:00:00,0,0
1574,move in,residence,allroom2,2010-12-29 00:00:00,105000000,0
1575,move in,residence,room3,2013-10-24 00:00:00,31000000,0
1583,move in,being unknown,709No.,1993-10-06 00:00:00,0,0
1583,move in,being unknown,709No.,1991-06-01 00:00:00,0,0
1585,move in,residence,room3,2011-08-11 00:00:00,100000000,1250000
1586,move in,,101building1305No.,2011-01-07 00:00:00,0,0
1590,move in,residence,all,2000-06-03 00:00:00,0,0
1590,move in,residence,partroom2,2011-05-19 00:00:00,75000000,0
1590,move in,residence,partroom1,2008-03-10 00:00:00,29000000,0
1592,move in,residence,all,1997-05-08 00:00:00,120000000,0
1592,move in,residence,room2,1998-12-09 00:00:00,120000000,0
1593,move in,residence,allroom3,2015-06-08 00:00:00,150000000,0
1595,move in,,104building1204No.,2013-12-09 00:00:00,0,0
1596,move in,residence,allroom3,2015-06-09 00:00:00,400000000,0
1599,move in,residence,402No.room3,2014-12-30 00:00:00,320000000,0
1601,move in,residence,2201No.all,2011-05-20 00:00:00,450000000,0
1601,move in,residence,room4,2011-05-20 00:00:00,450000000,0
1602,move in,,302No.all,2013-08-19 00:00:00,180000000,0
1603,move in,residence,allroom2,2015-03-09 00:00:00,140000000,0
1607,move in,,605No.,2014-04-18 00:00:00,0,0
1607,move in,,605No.,2014-03-20 00:00:00,0,0
1608,move in,,room3,2007-01-02 00:00:00,35000000,0
1609,move in,,1405No.,2015-03-19 00:00:00,0,0
1611,move in,,allroom1,2016-04-01 00:00:00,30000000,0
1613,move in,residence,allroom3,2016-06-08 00:00:00,40000000,400000
1616,move in,residence,all,2014-12-16 00:00:00,100000000,0
1619,move in,residence,allroom3,2011-04-19 00:00:00,200000000,0
1622,move in,residence,510No.all,2014-06-02 00:00:00,165000000,0
1622,move in,,510No.,2014-06-02 00:00:00,0,0
1623,occupation,,all,1111-11-11 00:00:00,10000000,0
1624,move in,,1009No.,2015-08-25 00:00:00,0,0
1625,occupation,,all,1111-11-11 00:00:00,6000000,0
1629,move in,residence,all,2009-11-03 00:00:00,100000000,280000
1630,move in,residence,906No.,2016-03-17 00:00:00,0,0
1633,move in,,all,2005-10-20 00:00:00,0,0
1633,move in,residence,allroom2,2005-10-20 00:00:00,10000000,650000
1637,move in,,407No.,2007-01-16 00:00:00,0,0
1638,move in,residence,Bbuilding601No.,2011-04-07 00:00:00,0,0
1640,occupation,residence,all,1111-11-11 00:00:00,0,0
1644,move in,residence,501building901No.room1,2005-12-20 00:00:00,50000000,0
1645,move in,residence,allroom4,2011-06-27 00:00:00,210000000,0
1647,move in,,allroom4,2015-07-14 00:00:00,420000000,0
1647,move in,,nan,2015-07-17 00:00:00,0,0
1648,move in,,nan,2013-04-11 00:00:00,0,0
1649,move in,residence,105No.,2016-02-12 00:00:00,2000000,145000
1649,move in,residence,all,2016-02-12 00:00:00,60000000,0
1651,move in,,all,2015-05-11 00:00:00,0,0
1651,move in,,all(room3),2015-05-11 00:00:00,300000000,0
1655,move in,being unknown,all,2006-10-09 00:00:00,0,0
1657,move in,being unknown,1006No.,2013-05-29 00:00:00,0,0
1659,move in,,all,2011-12-22 00:00:00,0,0
1659,move in,residence,all,2010-10-29 00:00:00,70000000,0
1662,occupation,residence,all,1111-11-11 00:00:00,10000000,0
1666,move in,residence,302No.,2014-04-08 00:00:00,140000000,0
1667,move in,being unknown,nan,2016-11-21 00:00:00,0,0
1669,move in,being unknown,104building1504No.,2009-10-27 00:00:00,0,0
1672,move in,,part(room3),2014-02-25 00:00:00,60000000,0
1672,move in,,part(room2),2012-02-01 00:00:00,35000000,0
1673,move in,being unknown,304No.,2015-10-02 00:00:00,0,0
1684,move in,residence,all,2014-03-26 00:00:00,200000000,0
1686,move in,residence,allroom3,2017-02-03 00:00:00,400000000,0
1691,move in,,nan,2016-02-04 00:00:00,0,0
1691,move in,,partroom2,2016-12-26 00:00:00,30000000,0
1691,move in,,nan,2016-12-26 00:00:00,0,0
1692,move in,residence,711No.,2006-05-29 00:00:00,0,0
1693,move in,residence,all(room3),2009-02-23 00:00:00,175000000,0
1695,move in,residence,nan,2014-12-31 00:00:00,0,0
1695,move in,residence,nan,2013-12-02 00:00:00,0,0
1701,move in,residence,all,2011-04-04 00:00:00,300000000,0
1705,move in,,504No.,2011-11-08 00:00:00,0,0
1705,move in,residence,504No.all,2011-11-08 00:00:00,200000000,0
1707,move in,residence,all,2014-11-11 00:00:00,185000000,0
1709,move in,,705No.,2013-03-06 00:00:00,0,0
1710,move in,being unknown,all,1993-06-07 00:00:00,0,0
1715,move in,residence,all,2014-06-30 00:00:00,210000000,0
1716,move in,,all,2017-02-02 00:00:00,20000000,600000
1718,move in,being unknown,205No.,2009-03-09 00:00:00,0,0
1718,move in,being unknown,"all(room3),part(2floorroom3)",2008-03-20 00:00:00,75000000,0
1719,move in,,all,2017-01-18 00:00:00,250000000,0
1729,move in,being unknown,all,2013-02-28 00:00:00,0,0
1734,move in,residence,all(room2),2009-10-28 00:00:00,115000000,0
1739,move in,residence,all,2003-02-04 00:00:00,30000000,0
1741,move in,residence,allroom5,2017-01-10 00:00:00,370000000,0
1749,move in,residence,all,2014-11-12 00:00:00,140000000,0
1751,move in,residence,allroom3,2011-09-22 00:00:00,210000000,0
1752,move in,being unknown,all,2015-03-20 00:00:00,0,0
1752,move in,residence,all(room2),2015-03-20 00:00:00,37000000,0
1753,move in,residence,all(room3),2015-09-25 00:00:00,240000000,0
1756,move in,,1203No.,2013-12-13 00:00:00,0,0
1757,move in,residence,nan,2016-12-15 00:00:00,0,0
1761,move in,,603No.,2015-08-12 00:00:00,0,0
1762,move in,,2304No.,2016-08-31 00:00:00,0,0
1766,move in,being unknown,all(room2),2013-10-17 00:00:00,140000000,0
1770,move in,being unknown,all,2013-08-23 00:00:00,0,0
1772,move in,residence,all,2009-04-03 00:00:00,180000000,200000
1774,move in,residence,allroom3,2015-04-15 00:00:00,220000000,0
1775,move in,being unknown,allroom2,2014-09-19 00:00:00,165000000,0
1776,move in,residence,401No.,2009-01-28 00:00:00,0,0
1776,move in,residence,401No.,2009-01-28 00:00:00,0,0
1777,move in,residence,501No.,2010-06-10 00:00:00,0,0
1777,move in,residence,501No.,2014-07-11 00:00:00,0,0
1778,move in,residence,502No.,2010-05-19 00:00:00,0,0
1778,move in,residence,502No.,2015-07-10 00:00:00,0,0
1778,move in,residence,502No.,2015-07-10 00:00:00,0,0
1778,move in,residence,502No.,2015-06-23 00:00:00,0,0
1778,move in,residence,502No.,2015-07-10 00:00:00,0,0
1778,move in,residence,502No.,2015-07-10 00:00:00,0,0
1778,move in,residence,502No.,2015-07-10 00:00:00,0,0
1779,move in,residence,601No.,2010-09-20 00:00:00,0,0
1779,move in,residence,601No.,2012-11-06 00:00:00,0,0
1780,move in,residence,602No.,2015-12-24 00:00:00,0,0
1781,move in,residence,701No.,2011-02-23 00:00:00,0,0
1781,move in,residence,701No.,2014-07-22 00:00:00,0,0
1782,move in,residence,702No.,2010-08-20 00:00:00,0,0
1782,move in,residence,702No.,2012-10-15 00:00:00,0,0
1783,move in,residence,801No.,2009-10-26 00:00:00,0,0
1785,move in,residence,901No.,2007-09-19 00:00:00,0,0
1785,move in,residence,901No.,2013-04-10 00:00:00,0,0
1786,move in,residence,902No.,2009-02-13 00:00:00,0,0
1787,move in,residence,1001No.,2008-01-25 00:00:00,0,0
1787,move in,residence,1001No.,2008-02-12 00:00:00,0,0
1788,move in,residence,1002No.,2011-11-21 00:00:00,0,0
1789,move in,residence,1101No.,2007-09-13 00:00:00,0,0
1789,move in,residence,1101No.,2008-01-10 00:00:00,0,0
1790,move in,residence,1102No.,2008-09-10 00:00:00,0,0
1791,move in,residence,1201No.,2007-10-22 00:00:00,0,0
1792,move in,residence,1202No.,2010-12-08 00:00:00,0,0
1793,move in,residence,1301No.,2010-02-04 00:00:00,0,0
1793,move in,residence,1301No.,2012-09-14 00:00:00,0,0
1794,move in,residence,1302No.,2010-10-01 00:00:00,0,0
1794,move in,residence,1302No.,2015-01-20 00:00:00,0,0
1795,move in,residence,1401No.,2012-03-30 00:00:00,0,0
1795,move in,residence,1401No.,2012-03-30 00:00:00,0,0
1796,move in,residence,1402No.,2007-09-21 00:00:00,0,0
1797,move in,residence,1502No.,2009-03-16 00:00:00,0,0
1797,move in,residence,1502No.,2012-07-30 00:00:00,0,0
1801,occupation,residence,nan,1111-11-11 00:00:00,0,0
1802,move in,residence,nan,1994-05-23 00:00:00,0,0
1803,occupation,residence,1024No.all,1111-11-11 00:00:00,60000000,250000
1803,move in,residence,nan,2013-08-21 00:00:00,0,0
1807,move in,residence,nan,2011-06-23 00:00:00,0,0
1809,move in,residence,all,2005-02-15 00:00:00,60000000,1000000
1812,move in,residence,1103No.all,2014-12-18 00:00:00,20000000,1200000
1813,move in,residence,all,2007-03-06 00:00:00,135000000,0
1818,move in,residence,nan,1998-05-13 00:00:00,0,0
1821,move in,residence,110No.all,2015-09-17 00:00:00,5000000,200000
1822,move in,residence,nan,2015-02-23 00:00:00,0,0
1826,occupation,residence,402No.all,1111-11-11 00:00:00,75000000,0
1827,occupation,residence,all,1111-11-11 00:00:00,50000000,0
1828,occupation,residence,partroom1,1111-11-11 00:00:00,500000,200000
1828,move in,residence,nan,2003-10-07 00:00:00,0,0
1832,move in,residence,all,2011-04-04 00:00:00,50000000,0
1837,move in,residence,nan,2009-08-27 00:00:00,0,0
1838,move in,residence,nan,2006-11-30 00:00:00,0,0
1840,move in,residence,partroom1,2014-07-15 00:00:00,18000000,0
1840,occupation,residence,partroom1,1111-11-11 00:00:00,17000000,0
1841,move in,residence,nan,2011-02-07 00:00:00,0,0
1844,move in,residence,all,2014-12-26 00:00:00,3000000,0
1844,occupation,residence,all,1111-11-11 00:00:00,60000000,0
1845,move in,residence,1712No.all,2004-11-25 00:00:00,38600000,0
1846,move in,residence,nan,2009-10-28 00:00:00,0,0
1846,occupation,residence,all,1111-11-11 00:00:00,37900000,0
1852,occupation,residence,302No.all,1111-11-11 00:00:00,140000000,0
1855,move in,residence,part,2015-04-14 00:00:00,20000000,0
1859,move in,residence,all,2015-04-27 00:00:00,60000000,200000
1860,move in,residence,all,2015-05-06 00:00:00,60000000,150000
1861,move in,residence,all,2015-05-27 00:00:00,80000000,0
1862,move in,residence,all,2015-04-21 00:00:00,30000000,450000
1863,move in,residence,all,2015-04-27 00:00:00,80000000,0
1864,move in,residence,all,2015-07-03 00:00:00,80000000,0
1866,move in,residence,all,2015-04-28 00:00:00,15000000,600000
1867,move in,residence,all,2015-04-20 00:00:00,80000000,0
1870,move in,residence,room2,2013-03-19 00:00:00,50000000,0
1870,move in,residence,nan,2012-05-21 00:00:00,0,0
1871,move in,residence,nan,1997-01-14 00:00:00,0,0
1877,move in,residence,all,2013-11-13 00:00:00,230000000,0
1878,move in,residence,nan,1997-11-08 00:00:00,0,0
1880,move in,residence,all,2008-11-20 00:00:00,45000000,0
1881,move in,residence,all,1992-06-06 00:00:00,31000000,0
1883,move in,residence,all,2010-06-10 00:00:00,90000000,0
1898,move in,residence,room1,2015-08-24 00:00:00,20000000,0
1901,move in,residence,all,2011-05-23 00:00:00,145000000,0
1902,move in,residence,all,2013-12-27 00:00:00,32000000,0
1907,move in,residence,all,2013-11-06 00:00:00,30000000,300000
1912,move in,residence,all,2012-11-23 00:00:00,300000000,0
1914,move in,residence,all,2013-10-04 00:00:00,180000000,0
1915,move in,residence,all,2013-12-24 00:00:00,130000000,0
1917,move in,residence,all,2007-04-24 00:00:00,70000000,0
1917,move in,residence,nan,2007-04-24 00:00:00,0,0
1919,move in,residence,nan,2007-10-31 00:00:00,0,0
1923,move in,residence,603No.all,2013-04-08 00:00:00,35000000,400000
1924,occupation,residence,nan,1111-11-11 00:00:00,0,0
1928,move in,residence,nan,2012-11-23 00:00:00,0,0
1929,move in,residence,nan,2011-04-19 00:00:00,0,0
1931,move in,residence,all,2011-07-29 00:00:00,50000000,0
1933,move in,residence,nan,2015-03-17 00:00:00,0,0
1936,occupation,residence,all,1111-11-11 00:00:00,90000000,0
1938,move in,residence,all,2014-11-10 00:00:00,140000000,0
1943,move in,residence,302No.all,2013-10-10 00:00:00,160000000,0
1946,occupation,residence,nan,1111-11-11 00:00:00,0,0
1948,move in,residence,all,2012-05-08 00:00:00,42000000,0
1951,move in,residence,nan,2015-09-09 00:00:00,0,0
1952,move in,residence,all,2012-10-30 00:00:00,70000000,0
1953,move in,residence,nan,2015-04-20 00:00:00,0,0
1955,move in,residence,all,2013-01-14 00:00:00,100000000,300000
1959,move in,residence,nan,2013-03-06 00:00:00,0,0
1960,move in,residence,all,2013-05-15 00:00:00,120000000,0
1968,move in,residence,608No.,2015-11-02 00:00:00,0,0
1968,move in,residence,room3.of.room1,2015-12-14 00:00:00,20000000,0
1969,move in,residence,room3,2015-01-22 00:00:00,50000000,0
1970,move in,residence,all,2014-07-29 00:00:00,40000000,0
1970,occupation,residence,nan,1111-11-11 00:00:00,0,0
1970,occupation,residence,nan,1111-11-11 00:00:00,0,0
1975,move in,residence,nan,2016-01-22 00:00:00,0,0
1976,move in,residence,all,2012-02-15 00:00:00,50000000,650000
1977,move in,residence,room1,2015-06-09 00:00:00,30000000,0
1978,move in,residence,nan,2003-12-17 00:00:00,0,0
1981,move in,residence,all,2013-07-23 00:00:00,40000000,150000
1983,move in,residence,all,2014-11-17 00:00:00,30000000,900000
1986,occupation,residence,all,1111-11-11 00:00:00,50000000,0
1987,move in,residence,304No.,2005-04-19 00:00:00,8000000,0
1990,move in,residence,all,2011-10-11 00:00:00,180000000,0
1993,move in,residence,partroom1,2010-07-05 00:00:00,20000000,100000
1993,move in,residence,partroom2,1997-03-14 00:00:00,20000000,100000
1999,move in,residence,all,2012-05-02 00:00:00,15000000,300000
2000,move in,residence,all,2013-12-30 00:00:00,25000000,200000
2001,move in,residence,all,2015-04-01 00:00:00,50000000,1100000
2004,move in,residence,all,2016-02-22 00:00:00,50000000,0
2004,move in,residence,nan,2015-03-19 00:00:00,0,0
2006,move in,residence,all,2005-11-22 00:00:00,90000000,0
2008,move in,residence,all,2014-10-27 00:00:00,180000000,0
2009,move in,residence,nan,2012-12-07 00:00:00,0,0
2011,move in,residence,all,2013-12-23 00:00:00,35000000,0
2011,move in,residence,51No.,2013-12-23 00:00:00,0,0
2013,move in,residence,1304No.all,2015-07-04 00:00:00,150000000,0
2015,move in,residence,all,2013-06-10 00:00:00,30000000,180000
2018,move in,residence,nan,2008-06-17 00:00:00,0,0
2024,move in,residence,nan,1999-12-18 00:00:00,0,0
2025,move in,residence,all,2010-11-05 00:00:00,40000000,0
2026,move in,residence,nan,2014-01-10 00:00:00,0,0
2033,move in,residence,nan,1993-11-24 00:00:00,0,0
2040,move in,residence,all,2016-03-11 00:00:00,10000000,500000
2047,move in,residence,all,2015-02-06 00:00:00,20000000,550000
2048,move in,residence,all,2000-01-17 00:00:00,50000000,0
2055,move in,residence,all,2013-06-28 00:00:00,5000000,400000
2059,move in,residence,all,2013-02-04 00:00:00,150000000,0
2062,move in,residence,all,2016-02-04 00:00:00,35000000,290000
2066,move in,residence,room1,2016-06-07 00:00:00,20000000,0
2070,move in,residence,room1,2016-06-03 00:00:00,20000000,0
2075,move in,residence,all,2010-05-31 00:00:00,50000000,0
2077,move in,residence,nan,2016-04-05 00:00:00,0,0
2077,move in,residence,nan,2008-01-31 00:00:00,0,0
2078,move in,residence,all,2016-05-09 00:00:00,20000000,550000
2080,move in,residence,nan,2011-04-25 00:00:00,0,0
2082,move in,residence,room4,2015-05-08 00:00:00,290000000,0
2086,move in,residence,all,1999-05-26 00:00:00,20000000,0
2088,occupation,residence,all,1111-11-11 00:00:00,140000000,0
2089,move in,residence,1103No.all,2016-01-28 00:00:00,190000000,0
2093,occupation,residence,nan,1111-11-11 00:00:00,0,0
2095,move in,residence,nan,2015-03-19 00:00:00,0,0
2098,move in,residence,all,2014-07-29 00:00:00,50000000,0
2104,move in,residence,all,2016-04-26 00:00:00,50000000,0
2108,move in,residence,partroom2,2016-07-11 00:00:00,80000000,0
2109,move in,residence,1304No.all,2014-06-30 00:00:00,80000000,0
2110,move in,residence,601No.room1,2016-04-29 00:00:00,60000000,0
2114,move in,residence,all,2016-01-18 00:00:00,70000000,0
2115,move in,residence,1302No.all,2014-01-21 00:00:00,190000000,0
2120,move in,residence,704No.all,2015-12-04 00:00:00,10000000,200000
2123,move in,residence,all,1991-03-01 00:00:00,30000000,0
2124,move in,residence,nan,1999-06-18 00:00:00,0,0
2126,move in,residence,all,2014-05-19 00:00:00,30000000,0
2127,move in,residence,room3,2014-12-04 00:00:00,15000000,0
2131,move in,residence,all,2008-04-14 00:00:00,0,0
2133,occupation,residence,part,1111-11-11 00:00:00,40000000,400000
2140,move in,residence,all,2016-05-11 00:00:00,340000000,0
2144,move in,residence,all,2012-09-13 00:00:00,10000000,0
2148,move in,residence,nan,2015-02-17 00:00:00,0,0
2153,move in,residence,partroom1,2014-12-31 00:00:00,15000000,100000
2154,occupation,residence,all,1111-11-11 00:00:00,70000000,0
2159,move in,residence,nan,2016-04-08 00:00:00,0,0
2165,move in,residence,all,2016-08-10 00:00:00,20000000,300000
2166,move in,residence,nan,2015-02-09 00:00:00,0,0
2168,move in,residence,all,2016-02-19 00:00:00,20000000,700000
2169,move in,residence,all,2013-11-07 00:00:00,170000000,0
2170,move in,residence,all,2013-12-19 00:00:00,170000000,0
2171,move in,residence,1811No.all,2009-03-30 00:00:00,60000000,0
2172,move in,residence,nan,2013-07-05 00:00:00,0,0
2176,move in,residence,all,2016-03-16 00:00:00,380000000,0
2177,move in,residence,nan,2015-11-24 00:00:00,0,0
2177,move in,residence,all,2015-07-02 00:00:00,200000000,0
2178,move in,residence,nan,2011-04-12 00:00:00,0,0
2182,move in,residence,all,2011-05-25 00:00:00,0,0
2187,move in,residence,nan,2016-10-02 00:00:00,0,0
2190,move in,residence,room3.of.room1,2012-08-06 00:00:00,18000000,0
2191,move in,residence,1201No.all,2015-10-22 00:00:00,20000000,400000
2195,move in,residence,all,2007-02-16 00:00:00,35000000,0
2196,move in,residence,all,1992-08-07 00:00:00,20000000,0
2197,move in,residence,all,1992-08-08 00:00:00,20000000,0
2199,move in,residence,nan,2004-05-11 00:00:00,0,0
2200,move in,residence,all,1998-12-07 00:00:00,0,0
2202,move in,residence,all,2016-11-01 00:00:00,78000000,0
2209,move in,residence,all,2012-07-04 00:00:00,80000000,0
2209,occupation,residence,nan,1111-11-11 00:00:00,0,0
2212,occupation,residence,nan,1111-11-11 00:00:00,0,0
2214,move in,residence,nan,2016-10-24 00:00:00,0,0
2217,move in,residence,nan,2005-06-22 00:00:00,0,0
2217,occupation,residence,nan,1111-11-11 00:00:00,110000000,0
2219,move in,residence,nan,2007-10-31 00:00:00,0,0
2222,move in,residence,all,1999-06-15 00:00:00,80000000,0
2225,occupation,residence,nan,1111-11-11 00:00:00,0,0
2226,move in,residence,nan,2014-01-17 00:00:00,0,0
2229,move in,residence,all,2015-06-30 00:00:00,50000000,150000
2231,move in,residence,nan,2016-09-22 00:00:00,0,0
2231,move in,residence,303No.all,2010-08-16 00:00:00,60000000,0
2237,move in,residence,all,2014-12-16 00:00:00,20000000,500000
2238,move in,residence,all,2017-01-09 00:00:00,30000000,500000
2241,move in,residence,all,2007-12-07 00:00:00,55000000,0
2244,move in,residence,all,2014-12-04 00:00:00,100000000,0
2250,move in,residence,all,2015-01-20 00:00:00,180000000,0
2251,move in,residence,part,2011-07-07 00:00:00,7000000,0
2254,move in,residence,all,2013-10-28 00:00:00,160000000,0
2256,move in,residence,all,2007-11-28 00:00:00,0,0
2257,move in,residence,all,2013-12-04 00:00:00,20000000,200000
2258,move in,residence,all,2014-01-08 00:00:00,80000000,0
2260,move in,residence,303No.,2001-08-27 00:00:00,0,0
2261,occupation,residence,all,1111-11-11 00:00:00,50000000,0
2261,move in,residence,nan,2004-09-21 00:00:00,0,0
2262,move in,residence,nan,2015-05-28 00:00:00,0,0
2265,move in,residence,room1,2016-03-31 00:00:00,30000000,0
2267,move in,residence,partroom2,2015-11-02 00:00:00,40000000,0
2272,occupation,residence,nan,1111-11-11 00:00:00,0,0
2272,move in,residence,all,2015-11-03 00:00:00,40000000,0
2284,occupation,residence,nan,1111-11-11 00:00:00,0,0
2287,occupation,residence,1001No.all,1111-11-11 00:00:00,60000000,0
2288,move in,residence,nan,2014-11-27 00:00:00,0,0
2291,move in,residence,401No.room1,2014-07-10 00:00:00,25000000,0
2292,move in,residence,partroom1,2006-08-11 00:00:00,20000000,0
2295,move in,residence,all,2012-03-19 00:00:00,0,0
2299,move in,residence,1701No.all,2013-10-21 00:00:00,60000000,0
2301,move in,residence,all,2013-10-28 00:00:00,55000000,0
2302,move in,residence,all,2015-12-29 00:00:00,115000000,0
2303,occupation,residence,nan,1111-11-11 00:00:00,0,0
2311,occupation,residence,all,1111-11-11 00:00:00,50000000,0
2311,move in,residence,nan,2016-08-16 00:00:00,0,0
2312,move in,residence,nan,2002-08-28 00:00:00,0,0
2314,move in,residence,room2,2016-09-21 00:00:00,50000000,0
2316,move in,residence,nan,2010-06-28 00:00:00,0,0
2321,move in,residence,all,2014-04-28 00:00:00,130000000,0
2324,move in,residence,nan,2005-06-22 00:00:00,230000000,0
2329,occupation,residence,all,1111-11-11 00:00:00,70000000,0
2331,move in,residence,all,2014-03-21 00:00:00,3000000,250000
2332,move in,residence,큰room,2012-03-29 00:00:00,20000000,0
2332,occupation,residence,작은room,1111-11-11 00:00:00,10000000,0
2334,move in,residence,all,2016-06-13 00:00:00,10000000,450000
2334,move in,residence,nan,2016-06-13 00:00:00,0,0
2337,move in,residence,all,2016-09-26 00:00:00,20000000,500000
2341,move in,residence,all,2014-12-16 00:00:00,150000000,0
2353,move in,residence,all,2015-04-20 00:00:00,70000000,0
2362,move in,residence,nan,2014-07-21 00:00:00,0,0
2364,move in,residence,all,2017-01-16 00:00:00,30000000,1100000
2364,occupation,residence,all,1111-11-11 00:00:00,350000000,0
2367,move in,residence,all,2009-09-23 00:00:00,28000000,0
2370,move in,residence,all,2001-05-15 00:00:00,50000000,0
2371,move in,residence,all,2011-10-10 00:00:00,40000000,0
2373,move in,residence,all,2016-12-07 00:00:00,240000000,0
2380,move in,residence,allroom3,2015-12-21 00:00:00,20000000,350000
2386,move in,residence,all,2003-09-26 00:00:00,75000000,0
2389,move in,residence,all,2016-01-08 00:00:00,160000000,0
2390,move in,residence,all,2016-11-17 00:00:00,80000000,0
2397,occupation,residence,all,1111-11-11 00:00:00,50000000,0
2398,move in,residence,all,2013-12-09 00:00:00,190000000,0
2401,move in,residence,all,2014-11-12 00:00:00,20000000,400000
2403,move in,residence,nan,2004-06-17 00:00:00,0,0
2404,move in,residence,nan,2012-06-25 00:00:00,0,0
2405,move in,residence,nan,2017-01-09 00:00:00,0,0
2405,move in,residence,all,2016-11-17 00:00:00,20000000,1200000
2406,move in,residence,all,2012-04-10 00:00:00,95000000,0
2409,move in,residence,all,2015-07-15 00:00:00,40000000,0
2411,move in,residence,all,2016-04-15 00:00:00,200000000,0
2411,occupation,residence,all,1111-11-11 00:00:00,200000000,0
2415,move in,residence,nan,2010-06-09 00:00:00,0,0
2416,move in,residence,all,2013-10-23 00:00:00,40000000,300000
2418,move in,residence,all,2014-10-21 00:00:00,65000000,0
2420,move in,residence,건물.of.part(서쪽16.53㎡),2003-06-07 00:00:00,7000000,0
2421,move in,residence,nan,1990-10-12 00:00:00,0,0
2422,move in,residence,all,2015-02-09 00:00:00,20000000,1050000
2423,move in,residence,all,2013-12-16 00:00:00,150000000,0
2426,move in,residence,all,2012-05-02 00:00:00,470000000,0
2428,move in,residence,all,2012-03-08 00:00:00,70000000,0
2433,move in,residence,nan,2013-02-27 00:00:00,0,0
2434,move in,residence,1805No.,2015-03-24 00:00:00,6500000,300000
2439,move in,residence,all,2015-04-09 00:00:00,20000000,300000
2441,move in,residence,all,2008-08-29 00:00:00,230000000,0
2443,move in,residence,601No.all,2013-11-01 00:00:00,110000000,0
2444,move in,residence,1002No.all,2015-04-17 00:00:00,110000000,0
2445,move in,residence,nan,2015-08-25 00:00:00,0,0
2447,move in,residence,all,2014-01-10 00:00:00,20000000,1300000
2448,move in,residence,nan,2015-06-05 00:00:00,0,0
2453,occupation,residence,411No.,1111-11-11 00:00:00,0,0
2457,move in,residence,nan,2014-04-02 00:00:00,0,0
2461,move in,residence,all,2015-07-22 00:00:00,40000000,0
2464,move in,residence,all,2014-12-15 00:00:00,100000000,300000
2465,move in,residence,allroom3,2015-02-23 00:00:00,75000000,0
2468,move in,residence,nan,2013-01-17 00:00:00,0,0
2471,move in,residence,nan,2006-03-02 00:00:00,0,0
2476,move in,residence,room2,2014-05-16 00:00:00,70000000,0
2478,move in,residence,room4,2003-11-03 00:00:00,150000000,0
2480,move in,residence,all,2015-06-12 00:00:00,30000000,2000000
2484,move in,residence,room3all,2013-12-17 00:00:00,20000000,200000
2486,move in,residence,all,2015-11-25 00:00:00,30000000,700000
2487,move in,residence,nan,2015-01-13 00:00:00,0,0
2489,move in,residence,nan,2014-02-19 00:00:00,0,0
2491,move in,residence,allroom3,2014-11-18 00:00:00,20000000,400000
2492,move in,residence,2buildingA104No.,2012-11-05 00:00:00,0,0
2494,move in,residence,nan,2014-03-21 00:00:00,0,0
2495,move in,residence,nan,2012-02-07 00:00:00,0,0
2496,move in,residence,703No.all,2010-06-30 00:00:00,30000000,100000
2497,move in,residence,all(room3),2013-06-19 00:00:00,30000000,700000
2499,move in,residence,nan,2012-09-12 00:00:00,0,0
2501,move in,residence,nan,2010-01-07 00:00:00,0,0
2501,move in,residence,nan,2015-12-08 00:00:00,0,0
2503,move in,residence,nan,2003-05-29 00:00:00,0,0
2506,move in,residence,allroom3,2015-03-10 00:00:00,29000000,250000
2507,move in,residence,room1,2011-11-16 00:00:00,80000000,0
2509,move in,residence,nan,2014-02-25 00:00:00,0,0
2510,move in,residence,allroom2,2011-12-06 00:00:00,70000000,0
2512,move in,residence,nan,2012-05-23 00:00:00,0,0
2516,move in,residence,nan,2016-04-04 00:00:00,0,0
2516,move in,residence,nan,2016-01-15 00:00:00,0,0
2517,move in,residence,all,2013-03-29 00:00:00,120000000,0
2521,move in,residence,nan,2010-03-25 00:00:00,0,0
2522,move in,residence,room3,2013-12-17 00:00:00,60000000,0
2527,move in,residence,nan,2010-01-19 00:00:00,0,0
2528,move in,residence,all(room2),2012-12-05 00:00:00,150000000,0
2531,move in,residence,all,2012-05-21 00:00:00,45000000,0
2532,move in,residence,nan,2003-04-21 00:00:00,0,0
2533,move in,residence,nan,2013-01-15 00:00:00,0,0
2533,move in,residence,nan,2014-05-27 00:00:00,0,0
2533,occupation,residence,all,1111-11-11 00:00:00,100000000,0
2535,move in,residence,all,2011-04-11 00:00:00,80000000,0
2536,move in,residence,nan,2013-05-13 00:00:00,0,0
2537,move in,residence,all,2016-06-01 00:00:00,15000000,350000
2542,move in,residence,nan,2004-04-19 00:00:00,0,0
2542,move in,residence,nan,1996-11-21 00:00:00,0,0
2547,move in,residence,nan,2016-05-12 00:00:00,0,0
2549,move in,residence,all(room2),2012-07-26 00:00:00,80000000,0
2553,move in,residence,all,2012-07-02 00:00:00,50000000,0
2561,move in,residence,nan,2000-11-24 00:00:00,0,0
2563,move in,residence,all,2016-03-04 00:00:00,19000000,100000
2564,move in,residence,all,2016-08-10 00:00:00,30000000,50000
2568,move in,residence,all,2016-05-26 00:00:00,5000000,400000
2571,move in,residence,allroom2,1996-05-09 00:00:00,20000000,0
2571,occupation,residence,all,1111-11-11 00:00:00,6500000,0
2572,move in,residence,all,2013-07-26 00:00:00,50000000,0
2577,move in,residence,5103No.all,2015-11-02 00:00:00,100000000,2000000
2578,move in,residence,411No.all,2011-05-20 00:00:00,45000000,0
2586,move in,residence,room1,2016-02-25 00:00:00,20000000,0
2586,move in,residence,room2,2016-06-07 00:00:00,40000000,0
2588,move in,residence,nan,2011-07-14 00:00:00,0,0
2590,move in,residence,602No.all,2007-03-29 00:00:00,300000000,0
2593,move in,residence,nan,2016-07-08 00:00:00,0,0
2595,move in,residence,all,2015-07-27 00:00:00,50000000,0
2597,move in,residence,all,2015-08-21 00:00:00,100000000,0
2618,move in,residence,all,2007-09-12 00:00:00,48000000,0
2621,move in,residence,nan,1990-05-29 00:00:00,0,0
2621,move in,residence,nan,1990-06-05 00:00:00,0,0
2622,move in,residence,all,2012-04-24 00:00:00,10000000,500000
2623,move in,residence,501No.all,2015-03-27 00:00:00,102000000,0
2626,move in,residence,nan,2009-09-08 00:00:00,0,0
2627,move in,residence,all,2015-04-16 00:00:00,250000000,0
2628,move in,residence,room2,2014-04-07 00:00:00,15000000,0
2629,move in,residence,nan,2007-03-05 00:00:00,0,0
2631,move in,residence,nan,2015-05-07 00:00:00,0,0
2632,move in,residence,1101No.all,2015-06-11 00:00:00,110000000,0
2633,occupation,residence,all,1111-11-11 00:00:00,800000000,0
2636,move in,residence,all,2014-08-18 00:00:00,20000000,500000
2640,move in,residence,all,2015-04-02 00:00:00,100000000,0
2643,move in,residence,nan,2012-04-19 00:00:00,0,0
2643,move in,residence,nan,2001-04-24 00:00:00,0,0
2644,move in,residence,allroom2,2015-02-09 00:00:00,20000000,500000
2645,move in,residence,nan,2016-01-20 00:00:00,20000000,500000
2646,move in,residence,allroom2,2014-10-27 00:00:00,20000000,500000
2647,move in,residence,303No.all,2014-10-17 00:00:00,160000000,0
2648,move in,residence,nan,2012-11-13 00:00:00,0,0
2649,move in,residence,nan,2016-04-19 00:00:00,0,0
2649,move in,residence,nan,2016-04-19 00:00:00,50000000,200000
2650,move in,residence,102No.all(room3),2011-10-31 00:00:00,30000000,0
2651,move in,residence,1701No.,2015-10-23 00:00:00,0,0
2653,move in,residence,part(room1),2016-05-03 00:00:00,20000000,200000
2656,move in,residence,nan,2002-10-21 00:00:00,0,0
2657,move in,residence,nan,2014-01-06 00:00:00,0,0
2657,move in,residence,allroom4,2014-02-27 00:00:00,40000000,0
2658,move in,residence,all,2000-02-23 00:00:00,30000000,0
2661,move in,residence,nan,2015-08-21 00:00:00,0,0
2662,occupation,residence,all,1111-11-11 00:00:00,30000000,0
2662,move in,residence,room3,2014-02-20 00:00:00,30000000,300000
2669,move in,residence,nan,2015-03-10 00:00:00,0,0
2674,move in,residence,all,2013-10-29 00:00:00,30000000,650000
2675,move in,residence,nan,2013-09-13 00:00:00,0,0
2676,move in,residence,nan,2015-07-28 00:00:00,0,0
2677,move in,residence,nan,2009-04-23 00:00:00,0,0
2678,move in,residence,all,2010-07-15 00:00:00,70000000,400000
2679,move in,residence,nan,2017-06-19 00:00:00,20000000,1300000
2680,move in,residence,nan,2009-01-19 00:00:00,0,0
2681,move in,residence,partroom1,2015-01-30 00:00:00,30000000,0
2683,move in,residence,all,2013-08-30 00:00:00,0,0
2688,move in,residence,nan,2017-07-10 00:00:00,0,0
2690,move in,residence,all,2015-04-27 00:00:00,5000000,250000
2696,move in,residence,all,2015-07-08 00:00:00,160000000,0
2708,move in,residence,allroom3,2014-04-18 00:00:00,75000000,0
2718,move in,residence,all,2010-09-28 00:00:00,0,0
2718,move in,residence,nan,2010-09-28 00:00:00,125000000,0
2722,move in,residence,nan,2008-04-25 00:00:00,0,0
2732,move in,residence,nan,2012-03-22 00:00:00,75000000,0
2734,occupation,residence,all,1111-11-11 00:00:00,100000000,0
2742,move in,residence,room3,2015-12-08 00:00:00,180000000,0
2745,move in,residence,all(room3),2016-03-28 00:00:00,130000000,0
2749,move in,residence,all,2006-07-21 00:00:00,100000000,0
2749,move in,residence,nan,2008-01-18 00:00:00,0,0
2749,move in,residence,nan,2004-08-11 00:00:00,0,0
2749,move in,residence,nan,2001-10-04 00:00:00,0,0
2754,move in,residence,nan,2009-05-29 00:00:00,0,0
2756,move in,residence,nan,2007-05-10 00:00:00,0,0
2761,move in,residence,nan,2007-01-18 00:00:00,0,0
